ID,PRS_type,Histology,Grade,Gender,OS,Age,IDH_mutation_status,h1p19q_codeletion_status,Subtype,profile_values
CGGA_1001,Primary,glioblastoma,WHO IV,Male,3428,11,Wildtype,Non-codel,Mesenchymal,3.29
CGGA_1004,Primary,astrocytoma,WHO II,Female,899,63,Wildtype,Non-codel,Mesenchymal,2.6
CGGA_1005,Primary,astrocytoma,WHO II,Female,3426,41,Mutant,Non-codel,Neural,0.31
CGGA_1006,Primary,oligoastrocytoma,WHO III,Male,254,42,Wildtype,Non-codel,Classical,5.22
CGGA_1007,Primary,glioblastoma,WHO IV,Female,345,57,Wildtype,Non-codel,Classical,0.23
CGGA_1008,Primary,glioblastoma,WHO IV,Female,315,54,Wildtype,Non-codel,Classical,0.07
CGGA_1011,Primary,glioblastoma,WHO IV,Female,109,46,Wildtype,Non-codel,Mesenchymal,2.19
CGGA_1013,Primary,astrocytoma,WHO II,Female,1725,38,Mutant,Non-codel,Proneural,0.04
CGGA_1015,Primary,glioblastoma,WHO IV,Male,164,62,Wildtype,Non-codel,Mesenchymal,2.09
CGGA_1019,Recurrent,glioblastoma,WHO IV,Male,212,60,Wildtype,Non-codel,Mesenchymal,0.19
CGGA_1020,Primary,astrocytoma,WHO II,Female,1120,38,Mutant,Non-codel,Proneural,0.12
CGGA_1022,Recurrent,astrocytoma,WHO II,Female,518,62,Wildtype,Non-codel,Mesenchymal,0.33
CGGA_1023,Primary,glioblastoma,WHO IV,Female,681,56,Wildtype,Non-codel,Classical,0.8
CGGA_1024,Primary,glioblastoma,WHO IV,Male,3074,64,Wildtype,Non-codel,Classical,0.22
CGGA_1026,Primary,glioblastoma,WHO IV,Male,1570,57,Wildtype,Non-codel,Classical,0.2
CGGA_1027,Primary,oligoastrocytoma,WHO III,Male,2688,37,Mutant,Codel,Proneural,0.24
CGGA_1031,Primary,astrocytoma,WHO II,Female,2457,31,Mutant,Non-codel,Proneural,0
CGGA_1034,Primary,astrocytoma,WHO III,Male,753,23,Wildtype,Non-codel,Classical,0.38
CGGA_1035,Primary,glioblastoma,WHO IV,Female,567,60,Wildtype,Non-codel,Mesenchymal,2.27
CGGA_1039,Primary,glioblastoma,WHO IV,Male,727,40,Wildtype,Non-codel,Classical,0.05
CGGA_1045,Primary,glioblastoma,WHO IV,Male,348,79,Wildtype,Non-codel,Mesenchymal,0.42
CGGA_1046,Primary,astrocytoma,WHO II,Male,2829,21,NA,NA,Neural,0.06
CGGA_1049,Primary,glioblastoma,WHO IV,Male,809,58,Wildtype,Non-codel,Mesenchymal,0.35
CGGA_1050,Primary,oligoastrocytoma,WHO II,Male,3040,39,Mutant,Codel,Proneural,0.35
CGGA_1052,Primary,oligoastrocytoma,WHO II,Male,2964,41,Mutant,Codel,Neural,0.61
CGGA_1053,Primary,glioblastoma,WHO IV,Female,370,63,Wildtype,Non-codel,Proneural,0.47
CGGA_1059,Recurrent,astrocytoma,WHO II,Female,21,54,Mutant,Non-codel,Proneural,0.46
CGGA_1060,Recurrent,glioblastoma,WHO IV,Male,227,42,Mutant,Non-codel,Proneural,0.2
CGGA_1061,Recurrent,oligoastrocytoma,WHO III,Female,532,43,Mutant,Non-codel,Proneural,0.06
CGGA_1068,Secondary,glioblastoma,WHO IV,Male,68,29,Mutant,Non-codel,Proneural,0.92
CGGA_1070,Primary,glioblastoma,WHO IV,Male,333,37,Wildtype,Non-codel,Classical,0.22
CGGA_1071,Primary,astrocytoma,WHO II,Male,3009,42,Wildtype,Non-codel,Classical,0.49
CGGA_1072,Primary,glioblastoma,WHO IV,Male,1090,26,Wildtype,Non-codel,Classical,0.69
CGGA_1073,Primary,glioblastoma,WHO IV,Female,270,42,Wildtype,Non-codel,Classical,0.59
CGGA_1074,Primary,glioblastoma,WHO IV,Male,86,50,Wildtype,Non-codel,Mesenchymal,1.44
CGGA_1077,Primary,glioblastoma,WHO IV,Male,591,47,Wildtype,Non-codel,Mesenchymal,0.06
CGGA_1078,Recurrent,glioblastoma,WHO IV,Female,315,61,Wildtype,Non-codel,Classical,0.96
CGGA_1079,Primary,oligoastrocytoma,WHO III,Male,471,38,Wildtype,Non-codel,Classical,0.49
CGGA_1081,Recurrent,astrocytoma,WHO III,Female,216,30,Wildtype,Non-codel,Proneural,0.48
CGGA_1083,Primary,glioblastoma,WHO IV,Male,450,59,Wildtype,Non-codel,Mesenchymal,1.31
CGGA_1091,Primary,glioblastoma,WHO IV,Female,1116,51,Wildtype,Non-codel,Classical,0.21
CGGA_1094,Recurrent,oligoastrocytoma,WHO III,Female,252,40,Mutant,Non-codel,Proneural,0.25
CGGA_1095,NA,NA,NA,Male,2778,29,Mutant,Non-codel,Proneural,0.21
CGGA_1099,Secondary,glioblastoma,WHO IV,Male,122,8,Wildtype,Non-codel,Mesenchymal,2.03
CGGA_1105,Secondary,glioblastoma,WHO IV,Male,609,29,Mutant,Non-codel,Mesenchymal,0.9
CGGA_1109,Primary,glioblastoma,WHO IV,Male,1348,42,Wildtype,Non-codel,Classical,0.14
CGGA_1113,Primary,oligoastrocytoma,WHO III,Male,1265,34,Mutant,Codel,Proneural,0.21
CGGA_1114,Primary,glioblastoma,WHO IV,Male,460,53,Wildtype,Non-codel,Mesenchymal,1.08
CGGA_1116,Recurrent,glioblastoma,WHO IV,Female,248,43,Mutant,Non-codel,Neural,0.35
CGGA_1118,Recurrent,astrocytoma,WHO III,Male,398,31,Mutant,Non-codel,Proneural,0.43
CGGA_1119,Recurrent,glioblastoma,WHO IV,Male,422,52,Mutant,Codel,Proneural,0.18
CGGA_1124,Primary,glioblastoma,WHO IV,Male,484,47,Wildtype,Non-codel,Mesenchymal,2.15
CGGA_1129,Secondary,glioblastoma,WHO IV,Male,168,34,Mutant,Non-codel,Proneural,0.52
CGGA_1136,Secondary,glioblastoma,WHO IV,Female,236,38,Mutant,Non-codel,Neural,0.32
CGGA_1139,Primary,glioblastoma,WHO IV,Female,1196,53,Wildtype,Non-codel,Neural,0.16
CGGA_1140,Recurrent,astrocytoma,WHO III,Female,921,49,Wildtype,Non-codel,Neural,0.12
CGGA_1145,Recurrent,astrocytoma,WHO III,Male,239,41,Wildtype,Non-codel,Mesenchymal,0.96
CGGA_1146,Primary,astrocytoma,WHO III,Male,2498,35,Mutant,Non-codel,Proneural,2.74
CGGA_1160,Primary,oligoastrocytoma,WHO III,Female,426,43,Mutant,Non-codel,Neural,0.79
CGGA_1170,Secondary,glioblastoma,WHO IV,Male,346,25,Mutant,Non-codel,Proneural,0.17
CGGA_1171,Primary,glioblastoma,WHO IV,Male,412,40,Wildtype,Non-codel,Mesenchymal,1.79
CGGA_1175,Secondary,glioblastoma,WHO IV,Female,441,36,Mutant,Non-codel,Proneural,0.19
CGGA_1177,Recurrent,glioblastoma,WHO IV,Male,449,40,Wildtype,Non-codel,Mesenchymal,0.65
CGGA_1180,Primary,glioblastoma,WHO IV,Female,1226,48,Wildtype,Non-codel,Mesenchymal,0.28
CGGA_1188,Secondary,glioblastoma,WHO IV,Female,256,30,Mutant,Non-codel,Neural,0.67
CGGA_1189,Primary,oligoastrocytoma,WHO III,Female,2695,34,Mutant,Codel,Proneural,0.18
CGGA_1190,Primary,oligoastrocytoma,WHO III,Female,2695,45,Mutant,Non-codel,Proneural,2.45
CGGA_1197,Secondary,glioblastoma,WHO IV,Male,942,43,Mutant,Codel,Proneural,0.44
CGGA_1214,Primary,glioblastoma,WHO IV,Female,604,49,Wildtype,Non-codel,Classical,0.19
CGGA_1215,Recurrent,oligoastrocytoma,WHO III,Male,29,37,Mutant,Non-codel,Proneural,0.39
CGGA_1216,Primary,glioblastoma,WHO IV,Male,312,44,Wildtype,Non-codel,Classical,0.18
CGGA_1218,Secondary,glioblastoma,WHO IV,Male,286,53,Wildtype,Non-codel,Mesenchymal,0.94
CGGA_1219,Primary,glioblastoma,WHO IV,Female,2120,57,Mutant,Non-codel,Proneural,0.23
CGGA_1224,Primary,glioblastoma,WHO IV,Male,271,57,Wildtype,Non-codel,Mesenchymal,1.67
CGGA_1227,Recurrent,glioblastoma,WHO IV,Female,1197,46,Wildtype,Non-codel,Classical,0.39
CGGA_1231,Recurrent,astrocytoma,WHO III,Female,2279,31,Wildtype,Non-codel,Mesenchymal,2.93
CGGA_1234,Primary,glioblastoma,WHO IV,Male,705,32,Wildtype,Non-codel,Mesenchymal,2.78
CGGA_1237,Primary,glioblastoma,WHO IV,Male,296,62,Wildtype,Non-codel,Classical,0.42
CGGA_1240,Primary,glioblastoma,WHO IV,Male,19,33,Wildtype,Non-codel,Mesenchymal,0.53
CGGA_1246,Primary,oligodendroglioma,WHO III,Male,2584,53,Mutant,Codel,Neural,0.29
CGGA_1251,Primary,glioblastoma,WHO IV,Female,272,42,Wildtype,Non-codel,Proneural,0.14
CGGA_1258,Primary,glioblastoma,WHO IV,Male,114,42,Wildtype,Non-codel,Classical,0.39
CGGA_1263,Primary,astrocytoma,WHO III,Male,772,50,Wildtype,Non-codel,Neural,0.05
CGGA_1270,Primary,glioblastoma,WHO IV,Female,188,60,Wildtype,Non-codel,Neural,0.7
CGGA_1271,Recurrent,glioblastoma,WHO IV,Male,523,17,Wildtype,Non-codel,Classical,3.12
CGGA_1272,Secondary,glioblastoma,WHO IV,Male,124,32,Mutant,Non-codel,Proneural,0.99
CGGA_1275,Primary,glioblastoma,WHO IV,Male,183,70,Wildtype,Non-codel,Mesenchymal,0.24
CGGA_1280,Primary,astrocytoma,WHO III,Male,447,74,Wildtype,Non-codel,Neural,0.17
CGGA_1281,Primary,oligoastrocytoma,WHO III,Male,2521,45,Wildtype,Codel,Neural,0.14
CGGA_1283,Secondary,glioblastoma,WHO IV,Male,20,17,Wildtype,Non-codel,Proneural,0.34
CGGA_1284,Primary,astrocytoma,WHO III,Male,97,73,Wildtype,Non-codel,Mesenchymal,0.34
CGGA_1285,Recurrent,glioblastoma,WHO IV,Female,79,58,Wildtype,Non-codel,Mesenchymal,0.88
CGGA_1287,Primary,glioblastoma,WHO IV,Male,533,29,Mutant,Non-codel,Proneural,0.3
CGGA_1292,Primary,oligoastrocytoma,WHO III,Male,2513,17,Wildtype,Non-codel,Neural,0.25
CGGA_1299,Primary,glioblastoma,WHO IV,Male,550,54,Wildtype,Non-codel,Classical,0.06
CGGA_1301,Secondary,glioblastoma,WHO IV,Male,239,48,Wildtype,Non-codel,Neural,1.02
CGGA_1307,Primary,oligoastrocytoma,WHO III,Female,965,25,Mutant,Non-codel,Neural,0.69
CGGA_1313,Primary,glioblastoma,WHO IV,Male,379,42,Wildtype,Non-codel,Mesenchymal,0.23
CGGA_1314,Primary,glioblastoma,WHO IV,Female,172,27,Mutant,Non-codel,Proneural,0.65
CGGA_1320,Primary,glioblastoma,WHO IV,Male,59,19,Wildtype,Non-codel,Classical,0.24
CGGA_1322,Primary,oligoastrocytoma,WHO III,Male,253,10,Mutant,Non-codel,Proneural,0.04
CGGA_1324,Secondary,glioblastoma,WHO IV,Male,848,42,Mutant,Codel,Neural,0.29
CGGA_1329,Recurrent,oligoastrocytoma,WHO III,Female,326,43,Mutant,Non-codel,Proneural,0.14
CGGA_1330,Primary,astrocytoma,WHO II,Male,2457,47,Mutant,Non-codel,Neural,0.14
CGGA_1332,Primary,glioblastoma,WHO IV,Female,510,55,Wildtype,Non-codel,Classical,0.37
CGGA_1338,Primary,glioblastoma,WHO IV,Female,1122,61,Wildtype,Non-codel,Mesenchymal,1.28
CGGA_1340,Primary,oligoastrocytoma,WHO III,Male,1109,35,Wildtype,Non-codel,Neural,0.15
CGGA_1342,Primary,glioblastoma,WHO IV,Male,186,47,Wildtype,Non-codel,Mesenchymal,1.04
CGGA_1343,Recurrent,glioblastoma,WHO IV,Male,94,34,Wildtype,Non-codel,Classical,0.17
CGGA_1346,Secondary,glioblastoma,WHO IV,Female,284,57,Wildtype,Non-codel,Classical,0.22
CGGA_1370,Recurrent,glioblastoma,WHO IV,Male,325,43,Wildtype,Non-codel,Classical,0.06
CGGA_1374,Recurrent,oligoastrocytoma,WHO III,Male,141,22,Mutant,Non-codel,Proneural,0.7
CGGA_1375,Secondary,glioblastoma,WHO IV,Female,92,50,Mutant,Non-codel,Proneural,0.25
CGGA_1381,Recurrent,glioblastoma,WHO IV,Female,46,36,Mutant,Non-codel,Proneural,0.11
CGGA_1384,Primary,glioblastoma,WHO IV,Female,191,39,Mutant,Non-codel,Proneural,0
CGGA_1388,Recurrent,astrocytoma,WHO III,Male,485,37,Mutant,Non-codel,Neural,1.7
CGGA_1393,Secondary,glioblastoma,WHO IV,Male,275,41,Wildtype,Non-codel,Classical,0.25
CGGA_1394,Recurrent,glioblastoma,WHO IV,Male,139,37,Mutant,Non-codel,Neural,0.1
CGGA_1406,Primary,oligoastrocytoma,WHO II,Male,2154,34,Mutant,Non-codel,Neural,0.58
CGGA_1408,Primary,oligoastrocytoma,WHO III,Female,1362,64,Wildtype,Non-codel,Classical,1.85
CGGA_1409,Primary,glioblastoma,WHO IV,Female,2337,24,Mutant,Non-codel,Proneural,0.13
CGGA_1411,Recurrent,astrocytoma,WHO III,Female,329,40,Wildtype,Non-codel,Neural,1.2
CGGA_1412,Secondary,glioblastoma,WHO IV,Female,296,48,Mutant,Codel,Neural,1.07
CGGA_1450,Secondary,glioblastoma,WHO IV,Male,957,37,Mutant,Codel,Proneural,0.12
CGGA_1460,Secondary,glioblastoma,WHO IV,Male,209,51,Wildtype,Non-codel,Classical,0.52
CGGA_1475,Secondary,glioblastoma,WHO IV,Male,182,38,Mutant,Non-codel,Proneural,1.08
CGGA_171,Primary,oligoastrocytoma,WHO II,Female,NA,37,Mutant,Codel,Neural,0.96
CGGA_235,Primary,oligoastrocytoma,WHO II,Male,2340,24,Mutant,Codel,Neural,0.16
CGGA_236,Primary,oligodendroglioma,WHO II,Male,706,47,Mutant,Codel,Proneural,0.07
CGGA_241,Primary,oligoastrocytoma,WHO II,Male,4478,34,Mutant,Non-codel,Neural,0.1
CGGA_243,Primary,oligoastrocytoma,WHO II,Female,2977,30,Mutant,Codel,Proneural,0.04
CGGA_245,Recurrent,astrocytoma,WHO III,Female,318,39,Mutant,Non-codel,Proneural,1.37
CGGA_247,Primary,astrocytoma,WHO III,Male,609,60,Mutant,Non-codel,Proneural,0.81
CGGA_251,Primary,oligoastrocytoma,WHO II,Male,1299,45,Mutant,Non-codel,Neural,0.94
CGGA_252,Primary,astrocytoma,WHO II,Female,165,24,Mutant,Non-codel,Proneural,0.14
CGGA_254,Primary,oligoastrocytoma,WHO II,Male,4458,38,Mutant,Codel,Neural,0.04
CGGA_256,Primary,astrocytoma,WHO II,Male,158,39,Mutant,Non-codel,Neural,0.18
CGGA_261,Primary,astrocytoma,WHO II,Male,4130,27,Mutant,Non-codel,Neural,0.36
CGGA_267,Primary,astrocytoma,WHO II,Male,1374,36,Mutant,Non-codel,Neural,0.13
CGGA_269,Primary,astrocytoma,WHO II,Female,2932,45,Wildtype,Non-codel,Mesenchymal,2.12
CGGA_272,Secondary,glioblastoma,WHO IV,Male,217,51,Wildtype,Non-codel,Mesenchymal,0.85
CGGA_273,Primary,oligoastrocytoma,WHO II,Female,2635,35,Mutant,Non-codel,Proneural,2.03
CGGA_274,Primary,glioblastoma,WHO IV,Female,610,55,Wildtype,Non-codel,Classical,0.89
CGGA_276,Primary,oligodendroglioma,WHO II,Male,529,44,Mutant,Non-codel,Neural,1.03
CGGA_277,Primary,oligodendroglioma,WHO III,Male,4089,40,Mutant,NA,Neural,0.82
CGGA_283,Primary,oligodendroglioma,WHO II,Female,3470,47,Mutant,Codel,Neural,0.15
CGGA_300,Primary,astrocytoma,WHO II,Female,2199,35,Mutant,Non-codel,Neural,0
CGGA_309,NA,NA,NA,Male,139,44,Wildtype,NA,Mesenchymal,2.78
CGGA_314,Recurrent,oligodendroglioma,WHO III,Male,2568,39,Mutant,Codel,Neural,0.18
CGGA_318,Secondary,glioblastoma,WHO IV,Female,222,40,Wildtype,Non-codel,Mesenchymal,1.99
CGGA_323,Primary,oligodendroglioma,WHO II,Female,4338,48,Wildtype,Non-codel,Neural,2.28
CGGA_330,Primary,oligoastrocytoma,WHO III,Male,1121,45,Wildtype,Non-codel,Mesenchymal,1.45
CGGA_333,Primary,oligoastrocytoma,WHO II,Male,1783,40,Mutant,Non-codel,Neural,1.8
CGGA_337,Primary,oligoastrocytoma,WHO III,Female,1008,50,Mutant,Non-codel,Neural,0.98
CGGA_342,Primary,glioblastoma,WHO IV,Female,500,49,Wildtype,NA,Classical,0.34
CGGA_374,Secondary,glioblastoma,WHO IV,Male,493,37,Mutant,Non-codel,Proneural,0.19
CGGA_400,Recurrent,astrocytoma,WHO III,Female,1321,38,Mutant,Non-codel,Neural,0.87
CGGA_413,Primary,glioblastoma,WHO IV,Male,183,54,Wildtype,Non-codel,Classical,0.3
CGGA_426,Primary,astrocytoma,WHO III,Male,1560,50,Wildtype,Non-codel,Mesenchymal,0.74
CGGA_431,Recurrent,oligoastrocytoma,WHO III,Male,4180,41,Mutant,Codel,Proneural,0.19
CGGA_446,Primary,oligodendroglioma,WHO II,Female,4173,35,Mutant,Codel,Proneural,0.05
CGGA_448,Primary,oligoastrocytoma,WHO III,Male,354,64,Wildtype,Non-codel,Mesenchymal,1.67
CGGA_458,Recurrent,oligoastrocytoma,WHO II,Male,419,51,Mutant,Non-codel,Neural,0.07
CGGA_479,Primary,oligoastrocytoma,WHO II,Female,4119,36,Mutant,Codel,Neural,0.16
CGGA_483,Primary,glioblastoma,WHO IV,Female,277,59,Wildtype,Non-codel,Mesenchymal,3.67
CGGA_485,Primary,oligodendroglioma,WHO II,Male,2437,31,Mutant,Codel,Neural,0.05
CGGA_488,Primary,oligoastrocytoma,WHO III,Male,435,23,Wildtype,Non-codel,Proneural,0.61
CGGA_490,Primary,oligodendroglioma,WHO III,Female,3804,37,Mutant,Codel,Neural,0.04
CGGA_491,Primary,glioblastoma,WHO IV,Female,1074,36,Mutant,Non-codel,Proneural,0.28
CGGA_493,Primary,astrocytoma,WHO II,Female,2382,32,Mutant,Non-codel,Neural,0.04
CGGA_494,Primary,glioblastoma,WHO IV,Female,4109,58,Wildtype,Non-codel,Neural,0.1
CGGA_495,NA,NA,NA,Male,295,53,Wildtype,NA,Mesenchymal,0.58
CGGA_499,Primary,glioblastoma,WHO IV,Male,122,51,Wildtype,Non-codel,Proneural,1.68
CGGA_501,Primary,oligodendroglioma,WHO II,Male,4101,40,Mutant,Codel,Neural,0.06
CGGA_502,Primary,astrocytoma,WHO II,Male,4088,39,Mutant,Non-codel,Proneural,0.19
CGGA_510,Primary,oligodendroglioma,WHO III,Male,4077,42,Mutant,Codel,Neural,0.23
CGGA_518,Secondary,glioblastoma,WHO IV,Male,212,27,Mutant,NA,Proneural,0.13
CGGA_525,Primary,glioblastoma,WHO IV,Male,138,61,Wildtype,Non-codel,Mesenchymal,1.41
CGGA_538,Primary,oligodendroglioma,WHO II,Female,NA,43,Mutant,Codel,Proneural,1.13
CGGA_541,Primary,oligoastrocytoma,WHO II,Female,4047,36,Wildtype,Non-codel,Neural,1.14
CGGA_543,Primary,oligodendroglioma,WHO II,Male,4042,43,Mutant,Codel,Neural,0.04
CGGA_545,Recurrent,glioblastoma,WHO IV,Female,555,38,Mutant,Non-codel,Neural,2.88
CGGA_551,Primary,oligodendroglioma,WHO II,Male,4034,44,Mutant,Codel,Neural,0.16
CGGA_560,Primary,oligoastrocytoma,WHO III,Male,4025,43,Mutant,Non-codel,Proneural,1.81
CGGA_564,Primary,astrocytoma,WHO III,Male,679,47,Wildtype,Non-codel,Neural,1.13
CGGA_565,Primary,oligoastrocytoma,WHO III,Male,3605,51,Wildtype,Non-codel,Neural,0.01
CGGA_578,Primary,oligoastrocytoma,WHO III,Female,362,61,Wildtype,Non-codel,Proneural,0.8
CGGA_580,Primary,oligoastrocytoma,WHO II,Male,1394,43,Mutant,Non-codel,Neural,0.23
CGGA_591,Primary,oligoastrocytoma,WHO III,Female,1654,50,Mutant,Non-codel,Neural,0.04
CGGA_598,Primary,oligodendroglioma,WHO III,Female,3677,61,Mutant,Codel,Proneural,0.04
CGGA_599,Primary,oligodendroglioma,WHO III,Female,418,66,Wildtype,Non-codel,Neural,0.21
CGGA_601,Primary,astrocytoma,WHO II,Male,1133,36,Mutant,Non-codel,Neural,1.96
CGGA_603,Recurrent,astrocytoma,WHO III,Male,168,32,Mutant,Non-codel,Proneural,0.51
CGGA_604,Primary,glioblastoma,WHO IV,Male,381,46,Wildtype,Non-codel,Mesenchymal,3.7
CGGA_605,Recurrent,oligodendroglioma,WHO III,Male,3971,43,Mutant,Non-codel,Mesenchymal,0.87
CGGA_607,Primary,astrocytoma,WHO II,Male,1389,25,Mutant,Non-codel,Proneural,0.3
CGGA_616,Primary,astrocytoma,WHO III,Male,952,43,Wildtype,Non-codel,Classical,1.23
CGGA_624,Recurrent,glioblastoma,WHO IV,Female,122,50,Wildtype,Non-codel,Mesenchymal,2.96
CGGA_630,Recurrent,oligodendroglioma,WHO III,Male,3971,43,Mutant,Codel,Neural,0.14
CGGA_632,Primary,oligoastrocytoma,WHO II,Female,576,29,Mutant,Non-codel,Proneural,0.07
CGGA_633,Primary,oligodendroglioma,WHO II,Female,1812,56,Wildtype,Non-codel,Proneural,3.06
CGGA_635,Primary,oligoastrocytoma,WHO II,Male,3934,45,Mutant,Codel,Neural,0
CGGA_638,Primary,oligodendroglioma,WHO II,Male,2386,42,Mutant,Codel,Proneural,0.35
CGGA_641,Primary,oligodendroglioma,WHO III,Female,3411,51,Mutant,Codel,Proneural,0.25
CGGA_642,Primary,astrocytoma,WHO II,Male,3920,29,Mutant,Non-codel,Proneural,0
CGGA_643,Primary,oligoastrocytoma,WHO III,Male,331,56,Wildtype,Non-codel,Proneural,1.18
CGGA_655,Primary,oligodendroglioma,WHO II,Male,3901,35,Mutant,Codel,Proneural,0.07
CGGA_658,Primary,glioblastoma,WHO IV,Male,372,55,Wildtype,Non-codel,Proneural,2.18
CGGA_659,Primary,oligodendroglioma,WHO II,Female,730,50,Wildtype,Non-codel,Neural,1.01
CGGA_661,Primary,astrocytoma,WHO III,Male,NA,42,Wildtype,Non-codel,Mesenchymal,1.6
CGGA_662,Primary,oligoastrocytoma,WHO II,Female,284,59,Mutant,Codel,Neural,0.06
CGGA_666,Primary,oligoastrocytoma,WHO II,Female,2499,45,Mutant,Codel,Neural,0.03
CGGA_669,Recurrent,glioblastoma,WHO IV,Female,607,56,Wildtype,Codel,Neural,0.25
CGGA_671,Primary,oligoastrocytoma,WHO II,Female,3885,36,Mutant,Codel,Neural,0.1
CGGA_675,Primary,oligoastrocytoma,WHO II,Female,3880,23,Mutant,Codel,Proneural,0.23
CGGA_676,Primary,glioblastoma,WHO IV,Male,376,60,Wildtype,Non-codel,Classical,2
CGGA_678,Recurrent,astrocytoma,WHO III,Male,386,56,Wildtype,Non-codel,Classical,2.41
CGGA_679,Primary,glioblastoma,WHO IV,Female,263,63,Wildtype,Non-codel,Mesenchymal,1.33
CGGA_680,Primary,glioblastoma,WHO IV,Male,2373,44,Wildtype,Non-codel,Neural,0.58
CGGA_681,NA,NA,NA,Male,110,42,Wildtype,NA,Proneural,0.34
CGGA_685,Primary,astrocytoma,WHO II,Female,3239,20,Mutant,Non-codel,Proneural,0.2
CGGA_689,Primary,oligodendroglioma,WHO II,Female,3864,36,Mutant,Codel,Proneural,0.15
CGGA_694,Recurrent,astrocytoma,WHO II,Male,1194,34,Mutant,Non-codel,Neural,0.65
CGGA_698,Primary,astrocytoma,WHO II,Female,1851,61,Mutant,Non-codel,Proneural,0.63
CGGA_700,Primary,glioblastoma,WHO IV,Female,170,24,Mutant,Non-codel,Proneural,0.28
CGGA_704,Primary,oligoastrocytoma,WHO II,Male,2572,36,Mutant,Non-codel,Proneural,1.22
CGGA_710,Primary,glioblastoma,WHO IV,Male,660,41,Mutant,Non-codel,Neural,1.73
CGGA_715,Primary,oligodendroglioma,WHO II,Male,3429,43,Mutant,Codel,Neural,0.01
CGGA_719,Secondary,glioblastoma,WHO IV,Male,101,51,Mutant,NA,Proneural,0.25
CGGA_725,Primary,oligoastrocytoma,WHO II,Male,3817,58,Mutant,Codel,Neural,0.1
CGGA_727,Primary,astrocytoma,WHO III,Male,1023,45,Wildtype,Non-codel,Classical,0.22
CGGA_731,Primary,glioblastoma,WHO IV,Male,503,50,Wildtype,Non-codel,Classical,0.98
CGGA_732,Primary,astrocytoma,WHO III,Female,NA,35,Wildtype,Non-codel,Classical,0.08
CGGA_738,Primary,astrocytoma,WHO II,Male,3802,43,Mutant,Non-codel,Proneural,4.45
CGGA_747,Primary,glioblastoma,WHO IV,Male,970,29,Mutant,Non-codel,Proneural,0
CGGA_752,Primary,oligoastrocytoma,WHO II,Male,3680,39,Mutant,Codel,Neural,0.15
CGGA_757,Primary,astrocytoma,WHO II,Male,1047,45,Mutant,Non-codel,Neural,0.32
CGGA_759,Primary,glioblastoma,WHO IV,Male,1263,30,Mutant,Non-codel,Proneural,0.21
CGGA_760,Primary,oligodendroglioma,WHO II,Female,3780,34,Mutant,Codel,Neural,0.12
CGGA_761,Primary,glioblastoma,WHO IV,Male,1840,45,Mutant,Non-codel,Proneural,0.16
CGGA_762,Primary,oligoastrocytoma,WHO II,Female,3775,40,Mutant,Codel,Neural,0.02
CGGA_766,Primary,oligoastrocytoma,WHO II,Male,3773,32,Mutant,Codel,Proneural,0.06
CGGA_773,Secondary,glioblastoma,WHO IV,Female,443,51,Mutant,Non-codel,Neural,0.16
CGGA_782,Primary,glioblastoma,WHO IV,Male,289,60,Wildtype,Non-codel,Mesenchymal,0.37
CGGA_785,Primary,oligodendroglioma,WHO II,Male,3517,43,Mutant,Codel,Neural,0.07
CGGA_789,Primary,glioblastoma,WHO IV,Male,345,50,Wildtype,Non-codel,Mesenchymal,1.36
CGGA_791,Primary,astrocytoma,WHO III,Male,252,55,Wildtype,Non-codel,Neural,0.48
CGGA_796,Primary,astrocytoma,WHO II,Male,559,60,Wildtype,Non-codel,Neural,0.22
CGGA_802,Primary,glioblastoma,WHO IV,Male,681,42,Wildtype,Non-codel,Mesenchymal,0.28
CGGA_804,Primary,glioblastoma,WHO IV,Female,614,53,Wildtype,Non-codel,Neural,0.46
CGGA_807,Primary,astrocytoma,WHO II,Male,3710,42,Wildtype,Non-codel,Neural,0.04
CGGA_808,Primary,glioblastoma,WHO IV,Male,1167,38,Wildtype,Non-codel,Neural,0.57
CGGA_812,Primary,oligodendroglioma,WHO II,Male,3705,27,Mutant,Codel,Neural,0.76
CGGA_815,Primary,oligoastrocytoma,WHO II,Female,2219,53,Mutant,Non-codel,Neural,0.54
CGGA_818,Primary,astrocytoma,WHO II,Male,3697,46,Mutant,Non-codel,Neural,3.56
CGGA_822,Secondary,glioblastoma,WHO IV,Male,2237,46,Mutant,Non-codel,Proneural,0.07
CGGA_834,Primary,oligoastrocytoma,WHO II,Male,3683,24,Wildtype,Non-codel,Classical,0.13
CGGA_835,Primary,oligodendroglioma,WHO II,Male,517,31,Mutant,Codel,Neural,0.54
CGGA_837,Primary,glioblastoma,WHO IV,Male,432,57,Wildtype,Non-codel,Classical,0.1
CGGA_838,Primary,oligoastrocytoma,WHO II,Female,3681,36,Mutant,Codel,Neural,0.01
CGGA_842,Primary,glioblastoma,WHO IV,Female,204,63,Wildtype,Non-codel,Mesenchymal,0.23
CGGA_843,Primary,oligoastrocytoma,WHO II,Male,3675,29,Mutant,Codel,Proneural,0.04
CGGA_848,Primary,glioblastoma,WHO IV,Female,239,54,Wildtype,Non-codel,Classical,0.28
CGGA_850,Primary,glioblastoma,WHO IV,Female,564,52,Wildtype,Non-codel,Classical,0.28
CGGA_856,Primary,oligodendroglioma,WHO II,Male,1297,53,Mutant,Codel,Proneural,0
CGGA_858,Primary,oligodendroglioma,WHO II,Male,3654,42,Mutant,Codel,Neural,0.01
CGGA_859,Primary,glioblastoma,WHO IV,Male,387,56,Wildtype,Non-codel,Mesenchymal,0.64
CGGA_864,Primary,oligoastrocytoma,WHO II,Male,3647,34,Mutant,Codel,Neural,0.16
CGGA_871,Primary,oligodendroglioma,WHO II,Male,3634,37,Mutant,Codel,Proneural,1.76
CGGA_876,Primary,glioblastoma,WHO IV,Female,159,60,Wildtype,Non-codel,Mesenchymal,1.66
CGGA_878,Primary,glioblastoma,WHO IV,Male,863,42,Wildtype,Non-codel,Classical,0.3
CGGA_884,Primary,astrocytoma,WHO II,Female,1131,48,Mutant,Non-codel,Proneural,0.18
CGGA_892,Primary,oligodendroglioma,WHO II,Male,448,34,Mutant,Codel,Proneural,0.22
CGGA_893,Primary,oligoastrocytoma,WHO II,Female,3160,36,Mutant,Non-codel,Neural,0.16
CGGA_898,Primary,astrocytoma,WHO II,Male,1663,38,Mutant,Non-codel,Neural,0.06
CGGA_899,Recurrent,glioblastoma,WHO IV,Male,231,48,Mutant,Non-codel,Proneural,0.1
CGGA_902,Primary,glioblastoma,WHO IV,Male,193,54,Wildtype,Non-codel,Proneural,0.44
CGGA_904,Primary,astrocytoma,WHO II,Male,774,33,Mutant,Non-codel,Proneural,0
CGGA_905,Primary,astrocytoma,WHO II,Male,3174,46,Mutant,Non-codel,Neural,0.19
CGGA_908,Primary,astrocytoma,WHO II,Male,2436,35,Mutant,Non-codel,Proneural,0.04
CGGA_909,Primary,oligoastrocytoma,WHO II,Female,3582,39,Mutant,Non-codel,Proneural,3.58
CGGA_D02,Recurrent,glioblastoma,WHO IV,Male,NA,44,Wildtype,Non-codel,Mesenchymal,1.61
CGGA_D03,Primary,glioblastoma,WHO IV,Male,423,44,Wildtype,Non-codel,Classical,0.64
CGGA_D04,Primary,astrocytoma,WHO II,Male,3359,37,Mutant,Non-codel,Neural,0.17
CGGA_D06,Recurrent,oligoastrocytoma,WHO III,Female,NA,49,Wildtype,Codel,Neural,1.25
CGGA_D07,Primary,oligodendroglioma,WHO II,Male,3353,36,Mutant,Codel,Neural,0.36
CGGA_D09,Primary,glioblastoma,WHO IV,Male,233,57,Wildtype,Non-codel,Classical,3.75
CGGA_D11,Primary,oligoastrocytoma,WHO III,Female,827,53,Wildtype,Non-codel,Classical,0.82
CGGA_D14,Recurrent,oligoastrocytoma,WHO III,Male,NA,27,Mutant,Non-codel,Proneural,0.2
CGGA_D15,Primary,oligoastrocytoma,WHO II,Female,3331,38,Mutant,Codel,Proneural,0
CGGA_D16,Primary,oligoastrocytoma,WHO III,Female,261,59,Wildtype,Non-codel,Mesenchymal,0.57
CGGA_D18,Primary,oligoastrocytoma,WHO III,Male,NA,20,Wildtype,Non-codel,Neural,2.82
CGGA_D20,Primary,astrocytoma,WHO II,Female,2367,40,Mutant,Non-codel,Neural,0.02
CGGA_D21,Primary,astrocytoma,WHO III,Female,1208,37,Mutant,Non-codel,Proneural,0.61
CGGA_D24,Primary,oligoastrocytoma,WHO III,Female,837,37,Mutant,Non-codel,Proneural,1.09
CGGA_D26,Recurrent,glioblastoma,WHO IV,Male,263,55,Wildtype,Non-codel,Mesenchymal,0.35
CGGA_D27,Recurrent,oligoastrocytoma,WHO III,Male,3312,33,Mutant,Codel,Proneural,1.46
CGGA_D29,Primary,oligodendroglioma,WHO II,Male,3313,36,Mutant,Codel,Neural,0.01
CGGA_D30,Primary,glioblastoma,WHO IV,Male,215,70,Wildtype,Non-codel,Neural,1.02
CGGA_D32,Recurrent,glioblastoma,WHO IV,Male,358,61,Wildtype,Non-codel,Classical,0.47
CGGA_D33,Recurrent,astrocytoma,WHO III,Male,116,38,Mutant,Non-codel,Neural,0.17
CGGA_D34,Secondary,glioblastoma,WHO IV,Male,147,45,Mutant,Non-codel,Proneural,0.19
CGGA_D35,Primary,glioblastoma,WHO IV,Female,661,68,Wildtype,Non-codel,Mesenchymal,0.72
CGGA_D36,Recurrent,glioblastoma,WHO IV,Male,34,58,Wildtype,Non-codel,Mesenchymal,0.73
CGGA_D37,Primary,glioblastoma,WHO IV,Male,965,55,Wildtype,Non-codel,Mesenchymal,9.08
CGGA_D38,Recurrent,glioblastoma,WHO IV,Female,689,41,Mutant,Codel,Proneural,0.06
CGGA_D39,Recurrent,astrocytoma,WHO II,Female,NA,27,Mutant,Non-codel,Proneural,2.74
CGGA_D40,Recurrent,oligoastrocytoma,WHO II,Male,3219,44,Mutant,Non-codel,Neural,1.3
CGGA_D44,Primary,oligoastrocytoma,WHO III,Female,313,18,Wildtype,Non-codel,Classical,3.21
CGGA_D45,Recurrent,oligoastrocytoma,WHO III,Male,856,32,Mutant,Non-codel,Proneural,2.65
CGGA_D46,Recurrent,astrocytoma,WHO III,Female,300,36,Mutant,Non-codel,Proneural,2.63
CGGA_D47,Primary,oligoastrocytoma,WHO II,Male,1048,36,Mutant,Codel,Proneural,1.61
CGGA_D48,Recurrent,oligoastrocytoma,WHO III,Female,221,23,Mutant,Non-codel,Proneural,0.2
CGGA_D51,Recurrent,glioblastoma,WHO IV,Female,135,60,Wildtype,Non-codel,Mesenchymal,2.83
CGGA_D52,Primary,oligodendroglioma,WHO III,Male,3191,46,Mutant,Codel,Neural,0.04
CGGA_D56,Recurrent,oligoastrocytoma,WHO III,Male,64,45,Mutant,Non-codel,Proneural,5.1
CGGA_D57,Primary,glioblastoma,WHO IV,Male,766,40,Wildtype,Non-codel,Classical,2.83
CGGA_D58,Recurrent,astrocytoma,WHO III,Male,181,24,Wildtype,Codel,Neural,0.52
CGGA_D59,Secondary,glioblastoma,WHO IV,Female,2778,30,Mutant,Non-codel,Proneural,0.08
CGGA_J023,Primary,oligodendroglioma,WHO III,Male,1028,36,Mutant,Non-codel,Proneural,0.2
CGGA_J024,Recurrent,astrocytoma,WHO II,Female,2801,29,Mutant,Non-codel,Neural,0.04
CGGA_J030,Primary,oligoastrocytoma,WHO II,Male,2775,38,Mutant,Codel,Neural,0.29
CGGA_J042,Recurrent,oligoastrocytoma,WHO II,Male,1409,38,Mutant,Non-codel,Neural,0.87
CGGA_J100,Recurrent,glioblastoma,WHO IV,Male,NA,55,Mutant,Non-codel,Proneural,0.47
CGGA_J130,Recurrent,astrocytoma,WHO II,Male,2806,40,Wildtype,Non-codel,Neural,0.32