Sample ID,Type,Grade,Gender,OS,Age ,IDH_mutation_status,h1p19q_Codeletion_status,Subtype
TCGA-CS-4938,astrocytoma,WHO II,Female,140.947521,31,Mutant,Non-code,NA
TCGA-CS-4941,astrocytoma,WHO III,Male,230.641398,67,WT,Non-codel,Classical
TCGA-CS-4942,astrocytoma,WHO III,Female,1315.838745,44,Mutant,Non-codel,Proneural
TCGA-CS-4943,astrocytoma,WHO III,Male,544.077144,37,Mutant,Non-codel,Proneural
TCGA-CS-4944,astrocytoma,WHO II,Male,318.363981,50,Mutant,Non-codel,NA
TCGA-CS-5390,oligodendroglioma,WHO II,Female,1937.782002,47,Mutant,Codel,Proneural
TCGA-CS-5393,astrocytoma,WHO III,Male,1204.460634,39,Mutant,Non-codel,Proneural
TCGA-CS-5394,astrocytoma,WHO III,Male,2.956941,40,Mutant,Non-codel,Proneural
TCGA-CS-5395,oligodendroglioma,WHO II,Male,629.828433,43,WT,Non-codel,Classical
TCGA-CS-5396,oligodendroglioma,WHO III,Female,298.651041,53,Mutant,Codel,Proneural
TCGA-CS-5397,astrocytoma,WHO III,Female,191.215518,54,WT,Non-codel,Neural
TCGA-CS-6186,oligoastrocytoma,WHO III,Male,530.278086,58,WT,Non-codel,Classical
TCGA-CS-6188,astrocytoma,WHO III,Male,714.594075,48,WT,Non-codel,Classical
TCGA-CS-6290,astrocytoma,WHO III,Male,538.163262,31,Mutant,Non-codel,NA
TCGA-CS-6665,astrocytoma,WHO III,Female,372.574566,51,Mutant,Non-codel,NA
TCGA-CS-6666,astrocytoma,WHO III,Male,254.296926,22,Mutant,Non-codel,Proneural
TCGA-CS-6667,astrocytoma,WHO II,Female,226.69881,39,Mutant,Non-codel,NA
TCGA-CS-6668,oligodendroglioma,WHO II,Female,240.497868,57,Mutant,Codel,Proneural
TCGA-CS-6669,oligodendroglioma,WHO II,Female,221.770575,26,WT,Non-codel,Neural
TCGA-CS-6670,oligodendroglioma,WHO III,Male,198.115047,43,Mutant,Codel,Proneural
TCGA-DB-5270,oligoastrocytoma,WHO III,Female,2934.271119,38,Mutant,Non-codel,Neural
TCGA-DB-5273,astrocytoma,WHO III,Male,2457.217971,33,Mutant,Non-codel,NA
TCGA-DB-5274,oligoastrocytoma,WHO III,Female,2256.145983,37,Mutant,Codel,Proneural
TCGA-DB-5275,oligoastrocytoma,WHO III,Male,1437.073326,36,Mutant,Non-codel,Proneural
TCGA-DB-5276,oligoastrocytoma,WHO III,Male,2186.165046,32,Mutant,Non-codel,Neural
TCGA-DB-5277,astrocytoma,WHO III,Male,1524.795909,34,Mutant,Non-codel,Proneural
TCGA-DB-5278,oligodendroglioma,WHO II,Male,1504.097322,17,Mutant,Codel,Proneural
TCGA-DB-5279,oligodendroglioma,WHO II,Male,1334.566038,59,Mutant,Codel,Neural
TCGA-DB-5280,oligoastrocytoma,WHO II,Male,1096.039464,43,Mutant,Non-codel,Proneural
TCGA-DB-5281,oligoastrocytoma,WHO III,Male,2346.825507,61,Mutant,Non-codel,Neural
TCGA-DB-A4X9,oligoastrocytoma,WHO II,Female,901.867005,33,Mutant,Non-codel,Proneural
TCGA-DB-A4XA,oligoastrocytoma,WHO II,Male,308.507511,30,Mutant,Codel,Proneural
TCGA-DB-A4XB,astrocytoma,WHO III,Male,381.445389,38,Mutant,Non-codel,Proneural
TCGA-DB-A4XC,oligoastrocytoma,WHO II,Male,827.94348,26,Mutant,Non-codel,Neural
TCGA-DB-A4XD,astrocytoma,WHO III,Male,810.201834,32,Mutant,Non-codel,Proneural
TCGA-DB-A4XE,oligoastrocytoma,WHO III,Female,564.775731,27,Mutant,Non-codel,Proneural
TCGA-DB-A4XF,astrocytoma,WHO III,Female,550.976673,41,Mutant,Non-codel,Proneural
TCGA-DB-A4XG,oligodendroglioma,WHO III,Male,2187.150693,34,Mutant,Codel,Proneural
TCGA-DB-A4XH,oligoastrocytoma,WHO II,Female,377.502801,53,Mutant,Codel,Neural
TCGA-DB-A64L,oligodendroglioma,WHO II,Female,330.191745,67,Mutant,Codel,Neural
TCGA-DB-A64O,oligoastrocytoma,WHO II,Male,564.775731,59,WT,Non-codel,Neural
TCGA-DB-A64P,oligodendroglioma,WHO III,Male,503.665617,40,Mutant,Codel,Proneural
TCGA-DB-A64Q,oligoastrocytoma,WHO II,Female,179.387754,31,Mutant,Codel,Proneural
TCGA-DB-A64R,oligodendroglioma,WHO II,Female,481.981383,24,Mutant,Codel,Proneural
TCGA-DB-A64S,oligoastrocytoma,WHO II,Male,462.268443,20,Mutant,Non-codel,NA
TCGA-DB-A64U,oligoastrocytoma,WHO II,Female,833.857362,38,Mutant,Codel,Proneural
TCGA-DB-A64V,oligodendroglioma,WHO II,Male,441.569856,54,Mutant,Codel,NA
TCGA-DB-A64W,oligoastrocytoma,WHO III,Female,409.043505,65,Mutant,Codel,Proneural
TCGA-DB-A64X,astrocytoma,WHO III,Female,327.234804,56,Mutant,Non-codel,NA
TCGA-DB-A75K,oligoastrocytoma,WHO III,Female,221.770575,55,Mutant,Codel,Proneural
TCGA-DB-A75L,astrocytoma,WHO III,Female,193.186812,36,Mutant,Non-codel,Neural
TCGA-DB-A75M,astrocytoma,WHO II,Male,308.507511,47,Mutant,Non-codel,NA
TCGA-DB-A75O,astrocytoma,WHO III,Male,921.579945,29,Mutant,Non-codel,NA
TCGA-DB-A75P,astrocytoma,WHO II,Female,114.335052,25,WT,Non-codel,Neural
TCGA-DH-5140,oligoastrocytoma,WHO III,Female,598.287729,38,WT,Non-codel,Proneural
TCGA-DH-5141,oligodendroglioma,WHO III,Male,954.106296,32,Mutant,Codel,Proneural
TCGA-DH-5142,astrocytoma,WHO III,Male,908.766534,29,Mutant,Non-codel,Proneural
TCGA-DH-5143,oligoastrocytoma,WHO III,Male,431.713386,30,Mutant,Non-codel,Neural
TCGA-DH-5144,oligodendroglioma,WHO III,Female,240.497868,56,Mutant,Codel,Proneural
TCGA-DH-A669,oligodendroglioma,WHO III,Male,905.809593,70,Mutant,Codel,Proneural
TCGA-DH-A66B,astrocytoma,WHO III,Male,1260.642513,52,Mutant,Non-codel,NA
TCGA-DH-A66D,astrocytoma,WHO III,Female,472.124913,43,Mutant,Non-codel,Proneural
TCGA-DH-A66F,oligodendroglioma,WHO II,Male,515.493381,49,Mutant,Codel,Proneural
TCGA-DH-A66G,oligodendroglioma,WHO III,Female,115.320699,49,Mutant,Non-codel,NA
TCGA-DH-A7UR,oligodendroglioma,WHO III,Female,1626.31755,59,Mutant,Codel,NA
TCGA-DH-A7US,oligodendroglioma,WHO II,Male,306.536217,50,Mutant,Codel,Proneural
TCGA-DH-A7UT,astrocytoma,WHO III,Male,197.1294,30,Mutant,Non-codel,NA
TCGA-DH-A7UU,astrocytoma,WHO III,Male,103.492935,43,Mutant,Non-codel,Proneural
TCGA-DH-A7UV,astrocytoma,WHO III,Male,186.287283,49,Mutant,Non-codel,Proneural
TCGA-DU-5847,astrocytoma,WHO III,Female,540.134556,34,WT,Non-codel,Mesenchymal
TCGA-DU-5849,oligodendroglioma,WHO II,Male,436.641621,48,Mutant,Codel,Neural
TCGA-DU-5851,oligoastrocytoma,WHO III,Female,523.378557,40,Mutant,Non-codel,NA
TCGA-DU-5852,oligoastrocytoma,WHO III,Female,202.057635,61,WT,Non-codel,Classical
TCGA-DU-5853,oligoastrocytoma,WHO II,Male,401.158329,29,Mutant,Non-codel,Proneural
TCGA-DU-5854,astrocytoma,WHO III,Female,253.311279,57,WT,Non-codel,Classical
TCGA-DU-5855,oligoastrocytoma,WHO III,Female,204.028929,49,Mutant,Non-codel,Proneural
TCGA-DU-5870,oligodendroglioma,WHO II,Female,5466.398262,34,Mutant,Codel,Proneural
TCGA-DU-5871,oligoastrocytoma,WHO II,Female,567.732672,37,Mutant,Non-codel,Proneural
TCGA-DU-5872,oligoastrocytoma,WHO II,Female,524.364204,43,Mutant,Non-codel,Proneural
TCGA-DU-5874,oligodendroglioma,WHO II,Female,454.383267,62,Mutant,Codel,Proneural
TCGA-DU-6392,astrocytoma,WHO III,Female,6330.810681,35,WT,Non-codel,Proneural
TCGA-DU-6393,oligodendroglioma,WHO III,Male,1562.250495,66,Mutant,Codel,Proneural
TCGA-DU-6394,oligodendroglioma,WHO III,Male,672.211254,53,Mutant,Codel,Proneural
TCGA-DU-6395,oligoastrocytoma,WHO II,Male,1469.599677,31,Mutant,Non-codel,Proneural
TCGA-DU-6396,oligoastrocytoma,WHO III,Female,2253.189042,31,Mutant,Non-codel,Proneural
TCGA-DU-6397,oligodendroglioma,WHO III,Male,1380.891447,45,Mutant,Codel,Proneural
TCGA-DU-6399,oligodendroglioma,WHO II,Male,1971.294,54,Mutant,Non-codel,Proneural
TCGA-DU-6400,oligodendroglioma,WHO II,Female,36.468939,66,Mutant,Codel,Proneural
TCGA-DU-6401,oligodendroglioma,WHO II,Female,2621.82102,31,Mutant,Non-codel,Proneural
TCGA-DU-6402,astrocytoma,WHO III,Male,210.928458,52,WT,Non-codel,Classical
TCGA-DU-6403,oligoastrocytoma,WHO III,Female,348.919038,60,WT,Non-codel,Proneural
TCGA-DU-6404,oligodendroglioma,WHO III,Female,4009.611996,24,WT,Non-codel,Classical
TCGA-DU-6405,astrocytoma,WHO III,Female,596.316435,51,WT,Non-codel,Classical
TCGA-DU-6406,oligoastrocytoma,WHO III,Female,504.651264,59,WT,Non-codel,Classical
TCGA-DU-6407,oligodendroglioma,WHO II,Female,2833.735125,35,Mutant,Non-codel,Proneural
TCGA-DU-6408,oligodendroglioma,WHO III,Female,3420.19509,23,Mutant,Non-codel,Proneural
TCGA-DU-6410,oligodendroglioma,WHO III,Male,238.526574,56,Mutant,Codel,Proneural
TCGA-DU-6542,oligoastrocytoma,WHO III,Male,231.627045,25,Mutant,Non-codel,Proneural
TCGA-DU-7006,astrocytoma,WHO III,Female,343.990803,60,WT,Non-codel,Mesenchymal
TCGA-DU-7007,astrocytoma,WHO II,Male,1887.514005,33,Mutant,Non-codel,Mesenchymal
TCGA-DU-7008,oligodendroglioma,WHO II,Female,4683.794544,41,Mutant,Non-codel,Proneural
TCGA-DU-7009,oligodendroglioma,WHO II,Female,4145.631282,32,Mutant,Codel,Proneural
TCGA-DU-7010,astrocytoma,WHO III,Female,449.455032,58,Mutant,Non-codel,Proneural
TCGA-DU-7011,oligoastrocytoma,WHO II,Male,3154.0704,25,Mutant,Non-codel,Neural
TCGA-DU-7012,astrocytoma,WHO III,Female,196.143753,74,WT,Non-codel,Mesenchymal
TCGA-DU-7013,astrocytoma,WHO III,Male,265.139043,59,WT,Non-codel,Classical
TCGA-DU-7014,oligodendroglioma,WHO II,Male,3519.745437,59,NA,Non-codel,Proneural
TCGA-DU-7015,oligodendroglioma,WHO II,Female,2721.371367,41,Mutant,Non-codel,Proneural
TCGA-DU-7018,oligodendroglioma,WHO III,Female,919.608651,57,Mutant,Codel,Proneural
TCGA-DU-7019,oligoastrocytoma,WHO III,Male,788.5176,39,Mutant,Non-codel,NA
TCGA-DU-7290,astrocytoma,WHO III,Female,310.478805,45,WT,Non-codel,Mesenchymal
TCGA-DU-7292,astrocytoma,WHO III,Male,238.526574,69,WT,Non-codel,Neural
TCGA-DU-7294,oligodendroglioma,WHO II,Female,2827.821243,53,Mutant,Codel,Proneural
TCGA-DU-7298,astrocytoma,WHO III,Female,567.732672,38,Mutant,Non-codel,Proneural
TCGA-DU-7299,astrocytoma,WHO III,Male,1319.781333,33,Mutant,Non-codel,Proneural
TCGA-DU-7300,oligodendroglioma,WHO III,Female,1858.930242,53,Mutant,Codel,Neural
TCGA-DU-7301,oligodendroglioma,WHO II,Male,776.689836,53,Mutant,Non-codel,NA
TCGA-DU-7302,oligodendroglioma,WHO III,Female,1807.676598,48,Mutant,Codel,Neural
TCGA-DU-7304,oligoastrocytoma,WHO III,Male,698.823723,43,Mutant,Non-codel,Neural
TCGA-DU-7306,oligoastrocytoma,WHO II,Male,1258.671219,67,Mutant,Non-codel,NA
TCGA-DU-7309,oligodendroglioma,WHO III,Female,82.794348,41,Mutant,Non-codel,Neural
TCGA-DU-8158,astrocytoma,WHO III,Female,152.775285,57,WT,Non-codel,NA
TCGA-DU-8161,oligoastrocytoma,WHO III,Female,711.637134,63,WT,Non-codel,Classical
TCGA-DU-8162,oligoastrocytoma,WHO III,Female,437.627268,61,WT,Non-codel,Neural
TCGA-DU-8163,oligoastrocytoma,WHO III,Male,619.971963,29,Mutant,Non-codel,Proneural
TCGA-DU-8164,oligodendroglioma,WHO II,Male,641.656197,51,Mutant,Codel,Proneural
TCGA-DU-8165,oligodendroglioma,WHO III,Female,573.646554,60,WT,Non-codel,NA
TCGA-DU-8166,oligoastrocytoma,WHO II,Female,508.593852,29,Mutant,Non-codel,Proneural
TCGA-DU-8167,oligoastrocytoma,WHO II,Female,464.239737,69,Mutant,Non-codel,Proneural
TCGA-DU-8168,oligodendroglioma,WHO III,Female,424.813857,55,Mutant,Codel,Proneural
TCGA-DU-A5TP,astrocytoma,WHO III,Male,426.785151,33,Mutant,Non-codel,Mesenchymal
TCGA-DU-A5TR,oligoastrocytoma,WHO II,Male,377.502801,51,Mutant,Non-codel,Mesenchymal
TCGA-DU-A5TS,oligodendroglioma,WHO II,Male,453.39762,42,Mutant,Non-codel,NA
TCGA-DU-A5TT,oligodendroglioma,WHO III,Male,148.832697,70,WT,Non-codel,NA
TCGA-DU-A5TU,astrocytoma,WHO II,Female,109.406817,62,Mutant,Non-codel,Proneural
TCGA-DU-A5TW,astrocytoma,WHO III,Female,169.531284,33,Mutant,Non-codel,Proneural
TCGA-DU-A5TY,astrocytoma,WHO III,Female,365.675037,46,WT,Non-codel,Classical
TCGA-DU-A6S2,oligodendroglioma,WHO II,Female,259.225161,37,Mutant,Codel,Neural
TCGA-DU-A6S3,oligodendroglioma,WHO II,Male,80.823054,60,Mutant,Codel,Proneural
TCGA-DU-A6S6,oligoastrocytoma,WHO II,Female,2337.954684,35,Mutant,Codel,Neural
TCGA-DU-A6S7,astrocytoma,WHO III,Female,216.84234,27,Mutant,Non-codel,Proneural
TCGA-DU-A6S8,oligodendroglioma,WHO III,Female,179.387754,74,Mutant,Codel,Proneural
TCGA-DU-A76K,oligodendroglioma,WHO II,Male,342.019509,87,WT,Non-codel,Neural
TCGA-DU-A76L,oligodendroglioma,WHO III,Male,802.316658,54,WT,Non-codel,Mesenchymal
TCGA-DU-A76O,astrocytoma,WHO II,Male,213.885399,30,Mutant,Non-codel,Proneural
TCGA-DU-A76R,oligodendroglioma,WHO III,Male,638.699256,51,Mutant,Codel,Neural
TCGA-DU-A7T6,oligodendroglioma,WHO III,Female,539.148909,73,Mutant,Codel,Proneural
TCGA-DU-A7T8,oligoastrocytoma,WHO III,Male,3732.645189,35,Mutant,Non-codel,Proneural
TCGA-DU-A7TA,oligodendroglioma,WHO II,Male,2334.997743,32,Mutant,Non-codel,Proneural
TCGA-DU-A7TB,oligodendroglioma,WHO II,Male,1268.527689,56,WT,Non-codel,Proneural
TCGA-DU-A7TC,astrocytoma,WHO II,Male,704.737605,32,Mutant,Non-codel,Neural
TCGA-DU-A7TD,oligoastrocytoma,WHO III,Male,224.727516,52,WT,Non-codel,Classical
TCGA-DU-A7TG,oligodendroglioma,WHO II,Male,1331.609097,40,Mutant,Non-codel,Neural
TCGA-DU-A7TJ,astrocytoma,WHO III,Male,16.755999,55,WT,Non-codel,Classical
TCGA-E1-5302,astrocytoma,WHO III,Male,1503.111675,41,Mutant,Non-codel,Proneural
TCGA-E1-5303,astrocytoma,WHO III,Male,2022.547644,38,Mutant,Non-codel,NA
TCGA-E1-5304,astrocytoma,WHO III,Male,1233.044397,42,Mutant,Non-codel,Proneural
TCGA-E1-5305,astrocytoma,WHO III,Male,2398.079151,34,Mutant,Non-codel,Neural
TCGA-E1-5307,astrocytoma,WHO III,Female,1736.710014,62,Mutant,Non-codel,Proneural
TCGA-E1-5311,oligodendroglioma,WHO III,Male,4025.382348,31,Mutant,Codel,Proneural
TCGA-E1-5318,oligodendroglioma,WHO II,Female,2344.854213,42,Mutant,Codel,Proneural
TCGA-E1-5319,oligodendroglioma,WHO II,Female,2865.275829,48,Mutant,Codel,Proneural
TCGA-E1-5322,oligoastrocytoma,WHO II,Female,3920.903766,38,Mutant,Non-codel,Proneural
TCGA-E1-A7YO,oligodendroglioma,WHO III,Male,2249.246454,45,Mutant,Codel,Proneural
TCGA-E1-A7YV,oligoastrocytoma,WHO III,Female,972.833589,26,Mutant,Non-codel,Proneural
TCGA-E1-A7YW,oligoastrocytoma,WHO II,Male,1103.92464,28,Mutant,Non-codel,Proneural
TCGA-E1-A7Z6,astrocytoma,WHO II,Female,969.876648,41,Mutant,Non-codel,NA
TCGA-EZ-7264,oligodendroglioma,WHO II,Female,429.742092,47,Mutant,Codel,Proneural
TCGA-F6-A8O3,oligodendroglioma,WHO II,Male,6.899529,34,Mutant,Codel,NA
TCGA-F6-A8O4,astrocytoma,WHO II,Male,5.913882,44,Mutant,Non-codel,NA
TCGA-FG-5962,oligodendroglioma,WHO III,Male,1432.145091,54,Mutant,Codel,Neural
TCGA-FG-5963,astrocytoma,WHO III,Male,763.876425,23,WT,Non-codel,Mesenchymal
TCGA-FG-5964,oligodendroglioma,WHO II,Male,1030.001115,62,Mutant,Codel,Proneural
TCGA-FG-5965,oligoastrocytoma,WHO II,Female,1103.92464,39,Mutant,Non-codel,Proneural
TCGA-FG-6688,astrocytoma,WHO III,Female,562.804437,59,WT,Non-codel,NA
TCGA-FG-6689,astrocytoma,WHO II,Male,447.483738,30,Mutant,Non-codel,Neural
TCGA-FG-6690,oligodendroglioma,WHO II,Male,749.09172,70,Mutant,Non-codel,Proneural
TCGA-FG-6691,astrocytoma,WHO II,Female,718.536663,23,Mutant,Non-codel,Proneural
TCGA-FG-6692,oligodendroglioma,WHO III,Male,552.947967,63,WT,Non-codel,Classical
TCGA-FG-7634,oligodendroglioma,WHO II,Male,460.297149,28,Mutant,Codel,Proneural
TCGA-FG-7636,astrocytoma,WHO III,Male,536.191968,48,Mutant,Non-codel,Proneural
TCGA-FG-7637,oligoastrocytoma,WHO II,Male,1201.503693,49,Mutant,Non-codel,Proneural
TCGA-FG-7638,oligodendroglioma,WHO III,Female,676.153842,31,Mutant,Codel,Neural
TCGA-FG-7641,oligodendroglioma,WHO II,Male,618.000669,31,Mutant,Codel,Neural
TCGA-FG-7643,oligoastrocytoma,WHO II,Female,602.230317,49,WT,Non-codel,Neural
TCGA-FG-8181,oligoastrocytoma,WHO III,Male,388.344918,23,WT,Non-codel,Neural
TCGA-FG-8182,oligodendroglioma,WHO II,Male,410.029152,35,Mutant,Non-codel,Proneural
TCGA-FG-8185,astrocytoma,WHO III,Male,426.785151,37,Mutant,Non-codel,Proneural
TCGA-FG-8186,oligoastrocytoma,WHO III,Female,480.010089,42,Mutant,Codel,NA
TCGA-FG-8187,oligoastrocytoma,WHO II,Male,602.230317,31,Mutant,Codel,Neural
TCGA-FG-8188,oligoastrocytoma,WHO II,Male,448.469385,41,Mutant,Non-codel,NA
TCGA-FG-8189,oligodendroglioma,WHO II,Female,355.818567,33,Mutant,Non-codel,Neural
TCGA-FG-8191,oligodendroglioma,WHO III,Male,465.225384,30,Mutant,Non-codel,Proneural
TCGA-FG-A4MT,oligodendroglioma,WHO II,Female,1147.293108,27,Mutant,Non-codel,Proneural
TCGA-FG-A4MU,oligoastrocytoma,WHO III,Male,17.741646,58,WT,Non-codel,Classical
TCGA-FG-A4MW,oligoastrocytoma,WHO III,Male,157.70352,63,WT,Non-codel,Classical
TCGA-FG-A4MX,astrocytoma,WHO II,Male,560.833143,47,Mutant,Non-codel,NA
TCGA-FG-A4MY,oligoastrocytoma,WHO II,Female,289.780218,44,Mutant,Non-codel,NA
TCGA-FG-A60J,oligoastrocytoma,WHO II,Female,210.928458,47,Mutant,Non-codel,Proneural
TCGA-FG-A60K,oligoastrocytoma,WHO II,Female,199.100694,34,Mutant,Codel,Proneural
TCGA-FG-A60L,astrocytoma,WHO II,Female,210.928458,34,Mutant,Non-codel,NA
TCGA-FG-A6IZ,oligodendroglioma,WHO II,Male,126.162816,60,Mutant,Codel,Proneural
TCGA-FG-A6J1,oligodendroglioma,WHO II,Female,122.220228,44,Mutant,Codel,Proneural
TCGA-FG-A6J3,astrocytoma,WHO III,Female,317.378334,52,Mutant,Non-codel,Mesenchymal
TCGA-FG-A70Y,oligodendroglioma,WHO II,Female,855.541596,20,Mutant,Non-codel,NA
TCGA-FG-A70Z,oligoastrocytoma,WHO III,Female,323.292216,53,WT,Non-codel,Classical
TCGA-FG-A710,oligodendroglioma,WHO II,Female,687.981606,50,Mutant,Codel,Proneural
TCGA-FG-A711,oligodendroglioma,WHO II,Female,1309.924863,33,Mutant,Non-codel,Neural
TCGA-FG-A713,oligoastrocytoma,WHO II,Female,156.717873,74,Mutant,Codel,Neural
TCGA-FG-A87N,astrocytoma,WHO III,Female,222.756222,37,Mutant,Non-codel,NA
TCGA-FG-A87Q,astrocytoma,WHO III,Female,171.502578,61,WT,Non-codel,NA
TCGA-FN-7833,oligoastrocytoma,WHO III,Male,3.942588,25,Mutant,Non-codel,NA
TCGA-HT-7467,oligodendroglioma,WHO II,Male,2.956941,54,Mutant,Codel,Neural
TCGA-HT-7468,oligodendroglioma,WHO III,Male,200.086341,30,Mutant,Codel,Proneural
TCGA-HT-7469,oligodendroglioma,WHO III,Male,345.962097,30,WT,Non-codel,Classical
TCGA-HT-7470,oligodendroglioma,WHO III,Male,264.153396,37,Mutant,Non-codel,Neural
TCGA-HT-7471,oligodendroglioma,WHO III,Female,3.942588,37,Mutant,Codel,Proneural
TCGA-HT-7472,oligodendroglioma,WHO II,Male,0.985647,38,Mutant,Non-codel,Proneural
TCGA-HT-7473,oligoastrocytoma,WHO II,Male,495.780441,28,Mutant,Non-codel,NA
TCGA-HT-7474,oligoastrocytoma,WHO II,Male,112.363758,52,Mutant,Non-codel,Neural
TCGA-HT-7475,oligoastrocytoma,WHO III,Male,522.39291,67,Mutant,Non-codel,Neural
TCGA-HT-7476,astrocytoma,WHO II,Male,196.143753,26,Mutant,Non-codel,Neural
TCGA-HT-7477,astrocytoma,WHO III,Male,727.407486,62,Mutant,Non-codel,Proneural
TCGA-HT-7478,astrocytoma,WHO II,Male,191.215518,36,Mutant,Non-codel,Mesenchymal
TCGA-HT-7479,astrocytoma,WHO III,Male,212.899752,44,Mutant,Non-codel,NA
TCGA-HT-7480,oligodendroglioma,WHO II,Male,2254.174689,33,Mutant,Codel,Proneural
TCGA-HT-7481,oligodendroglioma,WHO II,Male,1774.1646,39,Mutant,Codel,Neural
TCGA-HT-7482,oligoastrocytoma,WHO II,Female,1799.791422,18,Mutant,Non-codel,Proneural
TCGA-HT-7483,oligoastrocytoma,WHO II,Male,4622.68443,14,Mutant,Non-codel,Proneural
TCGA-HT-7485,astrocytoma,WHO II,Male,120.248934,42,Mutant,Non-codel,NA
TCGA-HT-7601,astrocytoma,WHO III,Female,150.803991,30,Mutant,Non-codel,NA
TCGA-HT-7602,oligodendroglioma,WHO II,Male,894.967476,21,Mutant,Non-codel,NA
TCGA-HT-7603,oligodendroglioma,WHO II,Male,694.881135,29,Mutant,Non-codel,Neural
TCGA-HT-7604,astrocytoma,WHO II,Male,3235.879101,50,Mutant,Non-codel,Proneural
TCGA-HT-7605,oligodendroglioma,WHO II,Male,137.004933,38,Mutant,Codel,Neural
TCGA-HT-7606,astrocytoma,WHO II,Female,518.450322,30,Mutant,Non-codel,Proneural
TCGA-HT-7607,astrocytoma,WHO II,Female,94.622112,61,Mutant,Codel,Neural
TCGA-HT-7608,oligoastrocytoma,WHO II,Male,661.369137,61,Mutant,Codel,Neural
TCGA-HT-7609,oligoastrocytoma,WHO III,Male,1378.920153,34,Mutant,Non-codel,Proneural
TCGA-HT-7610,oligoastrocytoma,WHO II,Female,1681.513782,25,Mutant,Non-codel,Neural
TCGA-HT-7611,oligoastrocytoma,WHO II,Male,1726.853544,36,Mutant,Non-codel,NA
TCGA-HT-7616,oligodendroglioma,WHO III,Male,6.899529,75,Mutant,Codel,Mesenchymal
TCGA-HT-7620,oligodendroglioma,WHO III,Male,427.770798,40,Mutant,Codel,Proneural
TCGA-HT-7676,oligodendroglioma,WHO II,Male,4.928235,26,Mutant,Non-codel,Proneural
TCGA-HT-7677,oligodendroglioma,WHO III,Male,486.909618,53,Mutant,Codel,Proneural
TCGA-HT-7680,astrocytoma,WHO II,Female,22.669881,32,WT,Non-codel,NA
TCGA-HT-7681,oligoastrocytoma,WHO II,Female,1339.494273,29,Mutant,Codel,Neural
TCGA-HT-7684,oligoastrocytoma,WHO III,Male,181.359048,58,Mutant,Non-codel,NA
TCGA-HT-7686,astrocytoma,WHO III,Female,1281.3411,29,Mutant,Non-codel,NA
TCGA-HT-7687,oligodendroglioma,WHO III,Male,2.956941,74,Mutant,Codel,Proneural
TCGA-HT-7688,oligodendroglioma,WHO III,Male,950.163708,59,Mutant,Non-codel,Neural
TCGA-HT-7689,oligodendroglioma,WHO II,Female,448.469385,58,Mutant,Non-codel,Proneural
TCGA-HT-7690,oligoastrocytoma,WHO III,Male,2.956941,29,Mutant,Non-codel,Proneural
TCGA-HT-7691,astrocytoma,WHO II,Female,2.956941,31,WT,Non-codel,NA
TCGA-HT-7692,oligoastrocytoma,WHO II,Male,88.70823,43,Mutant,Codel,Proneural
TCGA-HT-7693,oligodendroglioma,WHO II,Female,525.349851,51,Mutant,Non-codel,NA
TCGA-HT-7694,oligodendroglioma,WHO III,Male,206.98587,60,Mutant,Codel,Neural
TCGA-HT-7695,oligodendroglioma,WHO II,Female,435.655974,29,Mutant,Codel,Neural
TCGA-HT-7854,astrocytoma,WHO II,Male,1183.762047,62,WT,Non-codel,Neural
TCGA-HT-7855,astrocytoma,WHO III,Male,576.603495,39,Mutant,Non-codel,Proneural
TCGA-HT-7856,oligodendroglioma,WHO III,Male,1171.934283,35,Mutant,Codel,Neural
TCGA-HT-7857,astrocytoma,WHO III,Female,6.899529,24,WT,Non-codel,Mesenchymal
TCGA-HT-7858,astrocytoma,WHO II,Male,1517.89638,28,Mutant,Non-codel,Proneural
TCGA-HT-7860,astrocytoma,WHO III,Female,14.784705,60,WT,Non-codel,Classical
TCGA-HT-7873,oligoastrocytoma,WHO II,Male,707.694546,29,Mutant,Non-codel,Proneural
TCGA-HT-7874,oligodendroglioma,WHO III,Female,1113.78111,41,Mutant,Codel,Neural
TCGA-HT-7875,oligodendroglioma,WHO II,Male,9.85647,56,Mutant,Codel,Proneural
TCGA-HT-7877,oligodendroglioma,WHO II,Female,3.942588,20,Mutant,Codel,Neural
TCGA-HT-7879,oligoastrocytoma,WHO III,Male,110.392464,31,Mutant,Non-codel,Proneural
TCGA-HT-7880,oligoastrocytoma,WHO II,Male,159.674814,30,Mutant,Non-codel,Neural
TCGA-HT-7881,oligodendroglioma,WHO II,Male,87.722583,38,Mutant,Codel,Neural
TCGA-HT-7882,oligodendroglioma,WHO III,Male,111.378111,66,WT,Non-codel,Mesenchymal
TCGA-HT-7884,astrocytoma,WHO II,Female,338.076921,44,Mutant,Non-codel,Proneural
TCGA-HT-7902,oligoastrocytoma,WHO II,Female,942.278532,30,Mutant,Non-codel,Neural
TCGA-HT-8010,oligodendroglioma,WHO II,Female,49.28235,64,Mutant,Codel,Neural
TCGA-HT-8011,astrocytoma,WHO III,Male,486.909618,55,WT,Non-codel,NA
TCGA-HT-8012,oligodendroglioma,WHO II,Female,281.895042,30,Mutant,Codel,Proneural
TCGA-HT-8013,oligoastrocytoma,WHO II,Female,1905.255651,37,Mutant,Non-codel,Proneural
TCGA-HT-8015,astrocytoma,WHO II,Male,2.956941,21,WT,Non-codel,Neural
TCGA-HT-8018,oligoastrocytoma,WHO II,Female,644.613138,40,Mutant,Non-codel,Neural
TCGA-HT-8019,oligodendroglioma,WHO III,Female,989.589588,34,WT,Non-codel,Neural
TCGA-HT-8104,astrocytoma,WHO III,Female,366.660684,51,WT,Non-codel,Classical
TCGA-HT-8105,oligodendroglioma,WHO III,Male,187.27293,54,Mutant,Codel,Proneural
TCGA-HT-8106,astrocytoma,WHO III,Male,2.956941,53,Mutant,Non-codel,Mesenchymal
TCGA-HT-8107,oligodendroglioma,WHO II,Male,13.799058,62,WT,Non-codel,Neural
TCGA-HT-8108,oligodendroglioma,WHO II,Female,74.909172,26,Mutant,Non-codel,Proneural
TCGA-HT-8109,oligodendroglioma,WHO III,Male,118.27764,64,Mutant,Codel,Neural
TCGA-HT-8110,astrocytoma,WHO III,Male,140.947521,57,WT,Non-codel,Mesenchymal
TCGA-HT-8111,oligoastrocytoma,WHO III,Male,6.899529,32,Mutant,Non-codel,Proneural
TCGA-HT-8113,oligodendroglioma,WHO II,Female,887.0823,49,Mutant,Non-codel,Neural
TCGA-HT-8114,oligoastrocytoma,WHO III,Male,116.306346,36,Mutant,Non-codel,NA
TCGA-HT-8558,oligodendroglioma,WHO II,Female,51.253644,29,WT,Non-codel,Neural
TCGA-HT-8563,astrocytoma,WHO III,Female,480.995736,30,Mutant,Non-codel,Mesenchymal
TCGA-HT-8564,astrocytoma,WHO III,Male,471.139266,47,WT,Non-codel,Neural
TCGA-HT-A4DS,astrocytoma,WHO III,Female,6.899529,55,WT,Non-codel,Classical
TCGA-HT-A4DV,oligodendroglioma,WHO III,Female,314.421393,51,Mutant,Codel,Neural
TCGA-HT-A5R5,oligodendroglioma,WHO II,Female,3.942588,33,Mutant,Non-codel,Neural
TCGA-HT-A5R7,astrocytoma,WHO III,Female,419.885622,33,Mutant,Non-codel,Neural
TCGA-HT-A5R9,oligodendroglioma,WHO III,Female,1.971294,48,Mutant,Codel,Proneural
TCGA-HT-A5RA,astrocytoma,WHO III,Female,440.584209,65,WT,Non-codel,Classical
TCGA-HT-A5RB,astrocytoma,WHO II,Male,2.956941,24,Mutant,Non-codel,Proneural
TCGA-HT-A5RC,astrocytoma,WHO III,Female,159.674814,70,WT,Non-codel,Classical
TCGA-HT-A614,oligoastrocytoma,WHO II,Male,80.823054,47,Mutant,Non-codel,Proneural
TCGA-HT-A615,oligodendroglioma,WHO II,Female,390.316212,38,Mutant,Codel,Proneural
TCGA-HT-A616,astrocytoma,WHO II,Female,54.210585,36,Mutant,Non-codel,Neural
TCGA-HT-A617,oligodendroglioma,WHO II,Male,483.952677,47,WT,Non-codel,Classical
TCGA-HT-A618,astrocytoma,WHO III,Female,159.674814,37,Mutant,Non-codel,NA
TCGA-HT-A61A,oligodendroglioma,WHO II,Female,191.215518,20,Mutant,Non-codel,NA
TCGA-HT-A61C,oligodendroglioma,WHO III,Male,101.521641,66,WT,Non-codel,NA
TCGA-HT-A74H,astrocytoma,WHO III,Male,72.937878,62,WT,Non-codel,Neural
TCGA-HT-A74J,oligoastrocytoma,WHO II,Male,315.40704,33,Mutant,Non-codel,Proneural
TCGA-HT-A74O,astrocytoma,WHO III,Male,2.956941,34,Mutant,Non-codel,NA
TCGA-HW-7486,oligodendroglioma,WHO II,Male,896.93877,37,Mutant,Codel,Proneural
TCGA-HW-7487,oligodendroglioma,WHO II,Male,403.129623,39,Mutant,Codel,Neural
TCGA-HW-7489,oligoastrocytoma,WHO II,Male,249.368691,38,Mutant,Non-codel,Neural
TCGA-HW-7490,astrocytoma,WHO II,Male,576.603495,41,Mutant,Non-codel,NA
TCGA-HW-7491,oligodendroglioma,WHO II,Male,1204.460634,35,Mutant,Codel,Proneural
TCGA-HW-7493,astrocytoma,WHO II,Female,1076.326524,40,NA,Non-codel,Neural
TCGA-HW-7495,oligodendroglioma,WHO II,Female,129.119757,45,Mutant,Codel,Neural
TCGA-HW-8319,astrocytoma,WHO III,Female,650.52702,34,Mutant,Non-codel,Proneural
TCGA-HW-8320,astrocytoma,WHO III,Male,647.570079,36,Mutant,Non-codel,Proneural
TCGA-HW-8321,astrocytoma,WHO III,Male,587.445612,31,Mutant,Non-codel,Proneural
TCGA-HW-8322,oligodendroglioma,WHO II,Male,534.220674,39,Mutant,Codel,Proneural
TCGA-HW-A5KJ,oligodendroglioma,WHO III,Male,316.392687,68,Mutant,Codel,Proneural
TCGA-HW-A5KK,astrocytoma,WHO III,Male,382.431036,64,WT,Non-codel,Classical
TCGA-HW-A5KL,astrocytoma,WHO II,Female,623.914551,42,Mutant,Non-codel,Proneural
TCGA-HW-A5KM,astrocytoma,WHO II,Male,620.95761,35,Mutant,Non-codel,Mesenchymal
TCGA-IK-7675,oligodendroglioma,WHO II,Male,569.703966,43,Mutant,Non-codel,Proneural
TCGA-IK-8125,oligoastrocytoma,WHO III,Male,1282.326747,62,Mutant,Codel,Neural
TCGA-KT-A74X,oligoastrocytoma,WHO III,Male,156.717873,26,Mutant,Codel,Proneural
TCGA-KT-A7W1,astrocytoma,WHO III,Female,141.933168,45,WT,Non-codel,Classical
TCGA-P5-A5ET,oligodendroglioma,WHO II,Male,0,27,Mutant,Codel,Proneural
TCGA-P5-A5EU,astrocytoma,WHO III,Male,0,35,Mutant,Non-codel,NA
TCGA-P5-A5EV,astrocytoma,WHO II,Male,6.899529,39,Mutant,Non-codel,Proneural
TCGA-P5-A5EW,astrocytoma,WHO II,Female,201.071988,20,Mutant,Non-codel,Proneural
TCGA-P5-A5EX,oligodendroglioma,WHO III,Female,49.28235,41,Mutant,Codel,Mesenchymal
TCGA-P5-A5EY,astrocytoma,WHO II,Male,70.966584,21,WT,Non-codel,Neural
TCGA-P5-A5EZ,astrocytoma,WHO III,Male,68.99529,39,Mutant,Non-codel,Proneural
TCGA-P5-A5F0,oligodendroglioma,WHO II,Male,123.205875,33,Mutant,Codel,Neural
TCGA-P5-A5F1,astrocytoma,WHO II,Male,176.430813,30,Mutant,Non-codel,NA
TCGA-P5-A5F2,astrocytoma,WHO II,Female,228.670104,36,Mutant,Non-codel,Neural
TCGA-P5-A5F4,oligodendroglioma,WHO III,Female,22.669881,35,Mutant,Non-codel,Neural
TCGA-P5-A5F6,oligodendroglioma,WHO II,Male,38.440233,26,WT,Non-codel,Mesenchymal
TCGA-P5-A72U,oligodendroglioma,WHO III,Female,4.928235,71,WT,Non-codel,Classical
TCGA-P5-A72W,astrocytoma,WHO III,Male,8.870823,35,Mutant,Non-codel,Proneural
TCGA-P5-A72X,astrocytoma,WHO III,Male,7.885176,21,Mutant,Non-codel,NA
TCGA-P5-A72Z,oligodendroglioma,WHO III,Female,7.885176,64,Mutant,Codel,Proneural
TCGA-P5-A730,oligoastrocytoma,WHO III,Male,5.913882,22,Mutant,Codel,NA
TCGA-P5-A731,oligoastrocytoma,WHO II,Female,5.913882,59,Mutant,Non-codel,Neural
TCGA-P5-A733,astrocytoma,WHO II,Female,6.899529,52,Mutant,Non-codel,NA
TCGA-QH-A65R,oligodendroglioma,WHO III,Female,172.488225,38,Mutant,Codel,Proneural
TCGA-QH-A65S,oligoastrocytoma,WHO II,Female,75.894819,32,Mutant,Non-codel,Proneural
TCGA-QH-A65V,oligodendroglioma,WHO II,Female,144.890109,43,Mutant,Codel,Neural
TCGA-QH-A65X,oligoastrocytoma,WHO III,Female,233.598339,28,Mutant,Codel,NA
TCGA-QH-A65Z,oligodendroglioma,WHO II,Male,123.205875,54,Mutant,Codel,Proneural
TCGA-QH-A6CS,astrocytoma,WHO III,Male,125.177169,41,WT,Non-codel,NA
TCGA-QH-A6CU,oligodendroglioma,WHO III,Female,-0.985647,52,Mutant,Codel,NA
TCGA-QH-A6CV,oligoastrocytoma,WHO III,Male,88.70823,51,WT,Non-codel,Classical
TCGA-QH-A6CW,oligoastrocytoma,WHO III,Male,-0.985647,43,Mutant,Non-codel,NA
TCGA-QH-A6CX,astrocytoma,WHO II,Male,-0.985647,66,WT,Non-codel,Classical
TCGA-QH-A6CY,oligoastrocytoma,WHO III,Male,66.038349,38,Mutant,Codel,Neural
TCGA-QH-A6CZ,oligoastrocytoma,WHO II,Male,94.622112,38,Mutant,Codel,Proneural
TCGA-QH-A6X3,oligoastrocytoma,WHO II,Male,17.741646,27,Mutant,Non-codel,Proneural
TCGA-QH-A6X4,oligoastrocytoma,WHO III,Male,189.244224,47,Mutant,Codel,Proneural
TCGA-QH-A6X5,oligoastrocytoma,WHO II,Female,117.291993,58,Mutant,Codel,Proneural
TCGA-QH-A6X8,oligodendroglioma,WHO III,Female,141.933168,56,Mutant,Codel,Proneural
TCGA-QH-A6X9,oligodendroglioma,WHO II,Female,57.167526,73,Mutant,Non-codel,Proneural
TCGA-QH-A6XA,oligoastrocytoma,WHO II,Female,6.899529,23,Mutant,Non-codel,Proneural
TCGA-QH-A6XC,astrocytoma,WHO III,Male,150.803991,48,WT,Non-codel,Classical
TCGA-QH-A86X,oligodendroglioma,WHO II,Male,104.478582,33,Mutant,Codel,NA
TCGA-QH-A870,oligoastrocytoma,WHO III,Female,1.971294,38,Mutant,Non-codel,NA
TCGA-R8-A6MK,oligodendroglioma,WHO II,Male,2663.218194,40,Mutant,Codel,NA
TCGA-R8-A6ML,oligodendroglioma,WHO III,Male,2818.95042,52,Mutant,Codel,Proneural
TCGA-R8-A6MO,oligodendroglioma,WHO II,Female,978.747471,53,Mutant,Codel,Proneural
TCGA-S9-A6TS,astrocytoma,WHO III,Female,1863.858477,48,Mutant,Non-codel,Neural
TCGA-S9-A6TU,astrocytoma,WHO II,Male,2070.844347,38,Mutant,Non-codel,Proneural
TCGA-S9-A6TV,oligoastrocytoma,WHO III,Male,562.804437,50,Mutant,Non-codel,Mesenchymal
TCGA-S9-A6TW,oligodendroglioma,WHO III,Male,847.65642,40,Mutant,Codel,NA
TCGA-S9-A6TX,oligodendroglioma,WHO III,Male,843.713832,46,Mutant,Codel,Proneural
TCGA-S9-A6TY,oligodendroglioma,WHO II,Male,674.182548,50,Mutant,Codel,Proneural
TCGA-S9-A6TZ,astrocytoma,WHO II,Female,648.555726,39,Mutant,Non-codel,Proneural
TCGA-S9-A6U0,astrocytoma,WHO III,Male,490.852206,46,WT,Non-codel,Mesenchymal
TCGA-S9-A6U1,astrocytoma,WHO III,Female,339.062568,22,Mutant,Non-codel,Proneural
TCGA-S9-A6U2,oligodendroglioma,WHO II,Female,468.182325,48,Mutant,Codel,Proneural
TCGA-S9-A6U5,astrocytoma,WHO II,Male,601.24467,33,Mutant,Codel,Proneural
TCGA-S9-A6U6,astrocytoma,WHO III,Male,295.6941,28,Mutant,Non-codel,Neural
TCGA-S9-A6U8,astrocytoma,WHO II,Male,2836.692066,24,Mutant,Non-codel,Proneural
TCGA-S9-A6U9,astrocytoma,WHO III,Male,2509.457262,36,Mutant,Non-codel,NA
TCGA-S9-A6UA,astrocytoma,WHO III,Male,175.445166,66,WT,Non-codel,Mesenchymal
TCGA-S9-A6UB,oligodendroglioma,WHO II,Male,3110.701932,52,Mutant,Codel,Proneural
TCGA-S9-A6WD,oligodendroglioma,WHO III,Male,1869.772359,58,Mutant,Codel,Proneural
TCGA-S9-A6WE,oligodendroglioma,WHO II,Male,2176.308576,34,Mutant,Codel,Proneural
TCGA-S9-A6WG,astrocytoma,WHO III,Male,2115.198462,31,Mutant,Non-codel,Mesenchymal
TCGA-S9-A6WH,oligoastrocytoma,WHO II,Female,686.995959,73,Mutant,Codel,Proneural
TCGA-S9-A6WI,oligoastrocytoma,WHO II,Female,2118.155403,56,Mutant,Non-codel,Neural
TCGA-S9-A6WL,astrocytoma,WHO III,Male,326.249157,52,Mutant,Codel,Neural
TCGA-S9-A6WM,astrocytoma,WHO III,Female,278.938101,59,WT,Non-codel,Classical
TCGA-S9-A6WN,astrocytoma,WHO III,Female,271.052925,38,Mutant,Codel,Mesenchymal
TCGA-S9-A6WO,astrocytoma,WHO II,Male,227.684457,29,Mutant,Non-codel,Proneural
TCGA-S9-A6WP,oligoastrocytoma,WHO III,Male,184.315989,42,Mutant,Codel,Proneural
TCGA-S9-A6WQ,oligoastrocytoma,WHO II,Female,101.521641,57,Mutant,Non-codel,Proneural
TCGA-S9-A7IQ,oligoastrocytoma,WHO II,Female,427.770798,45,Mutant,Codel,Neural
TCGA-S9-A7IS,astrocytoma,WHO III,Female,237.540927,33,Mutant,Non-codel,Proneural
TCGA-S9-A7IX,astrocytoma,WHO III,Male,588.431259,57,WT,Non-codel,Classical
TCGA-S9-A7IY,oligoastrocytoma,WHO III,Male,377.502801,39,Mutant,Codel,NA
TCGA-S9-A7IZ,astrocytoma,WHO III,Female,126.162816,48,Mutant,Non-codel,Neural
TCGA-S9-A7J0,oligodendroglioma,WHO III,Female,280.909395,30,Mutant,Non-codel,Proneural
TCGA-S9-A7J1,oligodendroglioma,WHO II,Male,245.426103,43,Mutant,Codel,Proneural
TCGA-S9-A7J2,oligodendroglioma,WHO III,Male,61.110114,25,Mutant,Codel,Proneural
TCGA-S9-A7J3,oligodendroglioma,WHO III,Female,243.454809,52,Mutant,Codel,Proneural
TCGA-S9-A7QW,astrocytoma,WHO III,Female,107.435523,54,Mutant,Non-codel,Proneural
TCGA-S9-A7QX,astrocytoma,WHO III,Female,121.234581,36,Mutant,Non-codel,Proneural
TCGA-S9-A7QY,oligoastrocytoma,WHO II,Female,546.048438,35,Mutant,Codel,Proneural
TCGA-S9-A7QZ,oligodendroglioma,WHO II,Male,390.316212,41,Mutant,Codel,Proneural
TCGA-S9-A7R1,oligodendroglioma,WHO II,Male,4928.235,35,Mutant,Codel,Neural
TCGA-S9-A7R2,astrocytoma,WHO III,Male,311.464452,69,WT,Non-codel,NA
TCGA-S9-A7R3,astrocytoma,WHO II,Female,2610.978903,28,Mutant,Non-codel,NA
TCGA-S9-A7R4,astrocytoma,WHO III,Male,522.39291,46,Mutant,Non-codel,Proneural
TCGA-S9-A7R7,astrocytoma,WHO II,Male,2512.414203,27,Mutant,Non-codel,Mesenchymal
TCGA-S9-A7R8,astrocytoma,WHO III,Female,947.206767,44,Mutant,Non-codel,Proneural
TCGA-S9-A89V,astrocytoma,WHO III,Male,560.833143,70,WT,Non-codel,NA
TCGA-S9-A89Z,astrocytoma,WHO III,Male,149.818344,40,Mutant,Non-codel,NA
TCGA-TM-A7C3,astrocytoma,WHO III,Female,1482.413088,43,WT,Non-codel,Classical
TCGA-TM-A7C4,astrocytoma,WHO II,Female,1077.312171,39,Mutant,Non-codel,Neural
TCGA-TM-A7C5,oligoastrocytoma,WHO II,Male,758.94819,30,Mutant,Codel,Proneural
TCGA-TM-A7CA,astrocytoma,WHO II,Male,677.139489,44,Mutant,Non-codel,Proneural
TCGA-TM-A7CF,astrocytoma,WHO II,Female,1450.872384,41,Mutant,Non-codel,Neural
TCGA-TM-A84B,astrocytoma,WHO III,Male,359.761155,40,WT,Non-codel,NA
TCGA-TM-A84C,astrocytoma,WHO II,Male,452.411973,32,WT,Non-codel,NA
TCGA-TM-A84F,astrocytoma,WHO III,Male,1521.838968,48,Mutant,Non-codel,NA
TCGA-TM-A84G,oligodendroglioma,WHO III,Female,1030.001115,54,Mutant,Codel,NA
TCGA-TM-A84H,oligoastrocytoma,WHO III,Female,727.407486,44,Mutant,Non-codel,NA
TCGA-TM-A84I,astrocytoma,WHO III,Male,580.546083,30,Mutant,Non-codel,NA
TCGA-TM-A84J,oligodendroglioma,WHO III,Male,524.364204,63,WT,Non-codel,NA
TCGA-TM-A84L,oligoastrocytoma,WHO II,Male,1224.173574,31,Mutant,Non-codel,NA
TCGA-TM-A84M,oligodendroglioma,WHO III,Male,494.794794,40,Mutant,Codel,NA
TCGA-TM-A84O,oligodendroglioma,WHO III,Female,896.93877,61,Mutant,Codel,NA
TCGA-TM-A84Q,astrocytoma,WHO II,Male,566.747025,31,Mutant,Non-codel,NA
TCGA-TM-A84R,oligodendroglioma,WHO II,Male,282.880689,46,Mutant,Codel,NA
TCGA-TM-A84S,oligodendroglioma,WHO III,Male,137.004933,36,Mutant,Codel,NA
TCGA-TM-A84T,oligoastrocytoma,WHO II,Male,359.761155,19,Mutant,Non-codel,NA
TCGA-VM-A8C8,oligodendroglioma,WHO II,Female,991.560882,50,Mutant,Non-codel,NA
TCGA-VM-A8C9,astrocytoma,WHO II,Female,901.867005,37,WT,Non-codel,NA
TCGA-VM-A8CA,oligodendroglioma,WHO II,Male,405.100917,54,Mutant,Non-codel,NA
TCGA-VM-A8CB,oligodendroglioma,WHO III,Male,2.956941,33,Mutant,Codel,NA
TCGA-VM-A8CD,astrocytoma,WHO III,Male,236.55528,58,WT,Non-codel,NA
TCGA-VM-A8CE,oligodendroglioma,WHO II,Male,803.302305,25,Mutant,Codel,NA
TCGA-VM-A8CH,astrocytoma,WHO II,Female,328.220451,24,Mutant,Non-codel,NA
TCGA-VV-A829,oligoastrocytoma,WHO III,Male,811.187481,44,Mutant,Codel,NA
TCGA-VV-A86M,astrocytoma,WHO III,Female,210.928458,36,Mutant,Non-codel,NA
TCGA-VW-A7QS,oligodendroglioma,WHO III,Female,695.866782,35,Mutant,Codel,NA
TCGA-VW-A8FI,astrocytoma,WHO III,Male,241.483515,66,WT,Non-codel,NA
TCGA-W9-A837,oligodendroglioma,WHO II,Male,1351.322037,47,Mutant,Codel,NA
TCGA-WH-A86K,astrocytoma,WHO II,Male,157.70352,65,Mutant,Non-codel,NA
TCGA-WY-A858,astrocytoma,WHO III,Female,1317.810039,32,Mutant,Non-codel,NA
TCGA-12-1597,glioblastoma,WHO IV,Female,665.311725,62,WT,NA,Proneural
TCGA-12-3650,glioblastoma,WHO IV,Male,328.220451,46,WT,Non-codel,Classical
TCGA-12-3652,glioblastoma,WHO IV,Male,1046.757114,60,WT,Non-codel,Classical
TCGA-12-3653,glioblastoma,WHO IV,Female,435.655974,34,WT,Non-codel,Classical
TCGA-12-5295,glioblastoma,WHO IV,Female,447.483738,60,WT,Non-codel,Mesenchymal
TCGA-12-5299,glioblastoma,WHO IV,Female,96.593406,56,WT,Non-codel,Classical
TCGA-14-1034,glioblastoma,WHO IV,Female,478.038795,60,WT,Non-codel,Mesenchymal
TCGA-14-1823,glioblastoma,WHO IV,Female,535.206321,58,WT,Non-codel,Mesenchymal
TCGA-14-1825,glioblastoma,WHO IV,Male,228.670104,70,WT,Non-codel,Proneural
TCGA-14-1829,glioblastoma,WHO IV,Male,214.871046,57,WT,Non-codel,Mesenchymal
TCGA-14-2554,glioblastoma,WHO IV,Female,524.364204,52,WT,Non-codel,Mesenchymal
TCGA-15-1444,glioblastoma,WHO IV,Male,1514.939439,21,Mutant,Non-codel,NA
TCGA-16-1045,glioblastoma,WHO IV,Female,870.326301,49,WT,Non-codel,Mesenchymal
TCGA-19-1390,glioblastoma,WHO IV,Female,760.919484,63,WT,Non-codel,Proneural
TCGA-19-1787,glioblastoma,WHO IV,Male,379.474095,48,NA,Non-codel,Mesenchymal
TCGA-19-2619,glioblastoma,WHO IV,Female,289.780218,55,WT,Non-codel,Classical
TCGA-19-2620,glioblastoma,WHO IV,Male,145.875756,70,WT,Non-codel,Classical
TCGA-19-2624,glioblastoma,WHO IV,Male,4.928235,51,WT,Non-codel,Classical
TCGA-19-2625,glioblastoma,WHO IV,Female,122.220228,76,WT,Non-codel,Mesenchymal
TCGA-19-2629,glioblastoma,WHO IV,Male,726.421839,60,Mutant,Non-codel,NA
TCGA-19-4065,glioblastoma,WHO IV,Male,210.928458,36,NA,Non-codel,Mesenchymal
TCGA-19-5960,glioblastoma,WHO IV,Male,162.631755,56,WT,Non-codel,Classical
TCGA-26-1442,glioblastoma,WHO IV,Male,939.321591,43,Mutant,Non-codel,NA
TCGA-26-5132,glioblastoma,WHO IV,Male,281.895042,74,WT,Non-codel,Mesenchymal
TCGA-26-5133,glioblastoma,WHO IV,Male,445.512444,59,WT,Non-codel,NA
TCGA-26-5134,glioblastoma,WHO IV,Male,164.603049,74,WT,Non-codel,NA
TCGA-26-5135,glioblastoma,WHO IV,Female,266.12469,72,WT,Non-codel,Mesenchymal
TCGA-26-5136,glioblastoma,WHO IV,Female,36.468939,78,WT,Non-codel,Mesenchymal
TCGA-26-5139,glioblastoma,WHO IV,Female,47.311056,65,WT,Non-codel,Classical
TCGA-27-1830,glioblastoma,WHO IV,Male,151.789638,57,WT,Non-codel,Mesenchymal
TCGA-27-1831,glioblastoma,WHO IV,Male,497.751735,66,WT,Non-codel,Mesenchymal
TCGA-27-1832,glioblastoma,WHO IV,Female,295.6941,59,WT,Non-codel,Mesenchymal
TCGA-27-1834,glioblastoma,WHO IV,Male,1215.302751,56,WT,Non-codel,NA
TCGA-27-1835,glioblastoma,WHO IV,Female,638.699256,53,WT,Non-codel,Classical
TCGA-27-1837,glioblastoma,WHO IV,Male,420.871269,36,WT,Non-codel,Classical
TCGA-27-2519,glioblastoma,WHO IV,Male,311.464452,48,WT,Non-codel,Mesenchymal
TCGA-27-2521,glioblastoma,WHO IV,Male,311.464452,34,Mutant,Non-codel,Proneural
TCGA-27-2523,glioblastoma,WHO IV,Male,481.981383,63,WT,Non-codel,Classical
TCGA-27-2524,glioblastoma,WHO IV,Male,227.684457,56,WT,Non-codel,Mesenchymal
TCGA-27-2526,glioblastoma,WHO IV,Female,85.751289,79,WT,Non-codel,Classical
TCGA-27-2528,glioblastoma,WHO IV,Male,473.11056,62,WT,Non-codel,Classical
TCGA-28-1747,glioblastoma,WHO IV,Male,75.894819,44,WT,Non-codel,Classical
TCGA-28-1753,glioblastoma,WHO IV,Male,36.468939,53,WT,Non-codel,Mesenchymal
TCGA-28-2499,glioblastoma,WHO IV,Male,435.655974,59,WT,NA,Classical
TCGA-28-2509,glioblastoma,WHO IV,Female,142.918815,77,WT,Non-codel,Mesenchymal
TCGA-28-2513,glioblastoma,WHO IV,Female,218.813634,69,WT,Non-codel,Mesenchymal
TCGA-28-2514,glioblastoma,WHO IV,Male,157.70352,45,WT,Non-codel,Classical
TCGA-28-5204,glioblastoma,WHO IV,Male,447.483738,72,WT,Non-codel,Classical
TCGA-28-5207,glioblastoma,WHO IV,Male,338.076921,71,WT,Non-codel,Classical
TCGA-28-5208,glioblastoma,WHO IV,Male,467.196678,52,WT,Non-codel,Classical
TCGA-28-5209,glioblastoma,WHO IV,Female,75.894819,66,WT,Non-codel,Classical
TCGA-28-5213,glioblastoma,WHO IV,Male,293.722806,72,WT,Non-codel,Mesenchymal
TCGA-28-5215,glioblastoma,WHO IV,Female,330.191745,62,WT,Non-codel,Proneural
TCGA-28-5216,glioblastoma,WHO IV,Male,409.043505,52,WT,Non-codel,Mesenchymal
TCGA-28-5218,glioblastoma,WHO IV,Male,154.746579,63,WT,Non-codel,Mesenchymal
TCGA-28-5220,glioblastoma,WHO IV,Male,314.421393,67,WT,Non-codel,NA
TCGA-32-1970,glioblastoma,WHO IV,Male,461.282796,59,WT,Non-codel,Classical
TCGA-32-1980,glioblastoma,WHO IV,Male,35.483292,72,WT,Non-codel,Neural
TCGA-32-1982,glioblastoma,WHO IV,Female,139.961874,76,WT,Non-codel,Mesenchymal
TCGA-32-2615,glioblastoma,WHO IV,Male,478.038795,62,WT,Non-codel,Mesenchymal
TCGA-32-2616,glioblastoma,WHO IV,Female,220.784928,48,NA,Non-codel,Mesenchymal
TCGA-32-2632,glioblastoma,WHO IV,Male,265.139043,80,WT,Non-codel,Mesenchymal
TCGA-32-2634,glioblastoma,WHO IV,Male,266.12469,82,WT,Non-codel,NA
TCGA-32-2638,glioblastoma,WHO IV,Male,220.784928,67,WT,Non-codel,Classical
TCGA-32-4213,glioblastoma,WHO IV,Female,351.875979,47,WT,Non-codel,Mesenchymal
TCGA-32-5222,glioblastoma,WHO IV,Male,162.631755,66,WT,Non-codel,Classical
TCGA-41-2571,glioblastoma,WHO IV,Male,25.626822,89,WT,Non-codel,Proneural
TCGA-41-2572,glioblastoma,WHO IV,Male,400.172682,67,WT,Non-codel,Classical
TCGA-41-3915,glioblastoma,WHO IV,Male,181.359048,48,WT,Non-codel,Mesenchymal
TCGA-41-4097,glioblastoma,WHO IV,Female,5.913882,63,WT,Non-codel,Mesenchymal
TCGA-41-5651,glioblastoma,WHO IV,Female,345.962097,59,WT,Non-codel,Proneural
TCGA-76-4925,glioblastoma,WHO IV,Male,143.904462,76,WT,Non-codel,Classical
TCGA-76-4926,glioblastoma,WHO IV,Male,136.019286,68,WT,Non-codel,Classical
TCGA-76-4927,glioblastoma,WHO IV,Male,527.321145,58,WT,NA,Classical
TCGA-76-4928,glioblastoma,WHO IV,Female,92.650818,85,WT,Non-codel,Mesenchymal
TCGA-76-4929,glioblastoma,WHO IV,Female,109.406817,76,WT,Non-codel,NA
TCGA-76-4931,glioblastoma,WHO IV,Female,274.995513,70,WT,Non-codel,Classical
TCGA-76-4932,glioblastoma,WHO IV,Female,1437.073326,50,WT,NA,Classical